labelID,issueID,created,modified
kYiAYKfppxHQ0d2W1jLSp,A6JEvOx1Lpj5qQgiy0_R-,0,0
kYiAYKfppxHQ0d2W1jLSp,dSHOxE86nkbGafajdd1ew,0,0
ic_g-DZTYDApZR_v7Cdcy,Fv76FHJw6xEfMDZfRd0uv,0,0
_zR19hEST16-OJNP7ZvOM,Fv76FHJw6xEfMDZfRd0uv,0,0
_zR19hEST16-OJNP7ZvOM,_6cIk1pH24n6nmJ5sI6Ar,0,0
7C_eVnz1U9KIjMIPKoXTF,gW4A4-tVeA0e0YrSsYLqX,0,0
ic_g-DZTYDApZR_v7Cdcy,Lo98nXz8eCj624qfhyfMd,0,0
7C_eVnz1U9KIjMIPKoXTF,Lo98nXz8eCj624qfhyfMd,0,0
ic_g-DZTYDApZR_v7Cdcy,Wh3BGUvDYTfCdTKsUm4aw,0,0
7C_eVnz1U9KIjMIPKoXTF,02kEEyJGmES9OjXXAkyBA,0,0
7C_eVnz1U9KIjMIPKoXTF,SihBUomWCf-ksK8hBvy6p,0,0
7C_eVnz1U9KIjMIPKoXTF,AuiUsUv4Q9XFVqfbGlx9U,0,0
7C_eVnz1U9KIjMIPKoXTF,GUIB-n9eAZy82_FZ_c2Ww,0,0
7C_eVnz1U9KIjMIPKoXTF,HEQKdh59ynsn-lscZfHAr,0,0
7C_eVnz1U9KIjMIPKoXTF,Ug-22TAa01jHLgsN5C_4B,0,0
_zR19hEST16-OJNP7ZvOM,Aoa5PXN4vkXX5z_Wb9M5W,0,0
kYiAYKfppxHQ0d2W1jLSp,WnlHcMY3_QYYPJYKfvLOZ,0,0
_zR19hEST16-OJNP7ZvOM,1M1sj4szpJElpkdR4Wo0F,0,0
_zR19hEST16-OJNP7ZvOM,cwteAankkXYTAV4nfFi5S,0,0
_zR19hEST16-OJNP7ZvOM,V3uumaQ83jP-yQAPkxUyc,0,0
_zR19hEST16-OJNP7ZvOM,U5pWKpe7w-EekKWr7e2VZ,0,0
RrCoQX185mFruFd__iRxi,GInRIPj0w4RGU9O5LZylY,0,0
_zR19hEST16-OJNP7ZvOM,-qM7gov1mBTYHPBpDoq2e,0,0
lBKeew-TH9Q1xk7a31D-B,JMNwL7DMGjz9qr2Xy9cxn,0,0
_zR19hEST16-OJNP7ZvOM,JMNwL7DMGjz9qr2Xy9cxn,0,0
ic_g-DZTYDApZR_v7Cdcy,nwQPt2rxZRrSXCFAWYABs,0,0
_zR19hEST16-OJNP7ZvOM,nwQPt2rxZRrSXCFAWYABs,0,0
RrCoQX185mFruFd__iRxi,5j1c8cgCbdgbXQ9WwZfht,0,0
O7X5bSqpNXbqa59XH4PC5,NVKnZm0EqOibdtJUTUzvk,0,0
BAmj4o_MMK6jQtdIWu0dl,NVKnZm0EqOibdtJUTUzvk,0,0
_zR19hEST16-OJNP7ZvOM,NVKnZm0EqOibdtJUTUzvk,0,0
O7X5bSqpNXbqa59XH4PC5,HE7AguYesQrepmpLZXU90,0,0
_zR19hEST16-OJNP7ZvOM,K9bUxS6ifgHMMA3zpkldG,0,0
_zR19hEST16-OJNP7ZvOM,v5A83jMmbjIminWCA9I9U,0,0
_zR19hEST16-OJNP7ZvOM,a7fP1sZUkwWCBki6j7WRe,0,0
_zR19hEST16-OJNP7ZvOM,THQZZNKQcXBKWFHL_cis7,0,0
ic_g-DZTYDApZR_v7Cdcy,jJd3-dXu2nheL40kaBR3x,0,0
O7X5bSqpNXbqa59XH4PC5,jJd3-dXu2nheL40kaBR3x,0,0
kYiAYKfppxHQ0d2W1jLSp,jJd3-dXu2nheL40kaBR3x,0,0
_zR19hEST16-OJNP7ZvOM,X3l7WaurF55GePP0sLJmh,0,0
kYiAYKfppxHQ0d2W1jLSp,rdusQ_QfKBY14U2RAr04X,0,0
_zR19hEST16-OJNP7ZvOM,H1CChLY9exEX7igHpZMaX,0,0
_zR19hEST16-OJNP7ZvOM,waY6st2l7-J3GW0mawypv,0,0
_zR19hEST16-OJNP7ZvOM,Yfoz9WZxoQFBshtfKs-0g,0,0
kYiAYKfppxHQ0d2W1jLSp,0PGwUHDk4LqigVDlDaMJd,0,0
_zR19hEST16-OJNP7ZvOM,zWTHSpDpcGeNMapE40Id6,0,0
kYiAYKfppxHQ0d2W1jLSp,zaQ1rxulr8tkM_dbmpq6H,0,0
_zR19hEST16-OJNP7ZvOM,reOMvq5qspEnL3yYyrswb,0,0
_zR19hEST16-OJNP7ZvOM,v2ed6dz-Na0p9ZmloZBir,0,0
_zR19hEST16-OJNP7ZvOM,u-lfNFiLXJRj2_E5XmoLk,0,0
kYiAYKfppxHQ0d2W1jLSp,jevoTlhabxVRkXuDbPVjK,0,0
kYiAYKfppxHQ0d2W1jLSp,nX6Ty8TT2ggpam2E1pqad,0,0
_zR19hEST16-OJNP7ZvOM,eLdyfZP3th1jJmzZxS_R-,0,0
RrCoQX185mFruFd__iRxi,RWM0Ij3ALI6mTA5l7At0A,0,0
8I74WymPStQmYR5qH0qhL,dIUIl0AyAS099CO8M-a1o,0,0
YF4G744_sJxg1hbAA1k4X,dIUIl0AyAS099CO8M-a1o,0,0
_zR19hEST16-OJNP7ZvOM,dIUIl0AyAS099CO8M-a1o,0,0
RrCoQX185mFruFd__iRxi,GcG6tP5TSs9Sg6YaQElnO,0,0
YF4G744_sJxg1hbAA1k4X,pZ11EgiQRZFsu-WEK6Det,0,0
O7X5bSqpNXbqa59XH4PC5,pZ11EgiQRZFsu-WEK6Det,0,0
kYiAYKfppxHQ0d2W1jLSp,pZ11EgiQRZFsu-WEK6Det,0,0
HyxMx-13tDaRyOXecI6Rz,GVkdnxtXN2bBzlaZsLG_v,0,0
_zR19hEST16-OJNP7ZvOM,AHrj7iDzz_Vo8YRsq8uz4,0,0
_zR19hEST16-OJNP7ZvOM,8yCQ65_2H0D80hgfMlZHc,0,0
HyxMx-13tDaRyOXecI6Rz,wcchWo_CFGlyYnr8yB2u1,0,0
_zR19hEST16-OJNP7ZvOM,wcchWo_CFGlyYnr8yB2u1,0,0
_zR19hEST16-OJNP7ZvOM,CNaWciBKu4nMCavPO4Ldo,0,0
_zR19hEST16-OJNP7ZvOM,kwDP0tjSPolsKWaaVS4eR,0,0
_zR19hEST16-OJNP7ZvOM,YGeybqYWwm2-fg0bFkUin,0,0
_zR19hEST16-OJNP7ZvOM,sCJlnWxTWTQ7eH7lAgJiZ,0,0
HyxMx-13tDaRyOXecI6Rz,Uupa3zHa0DwmPYHxqCUk6,0,0
_zR19hEST16-OJNP7ZvOM,Uupa3zHa0DwmPYHxqCUk6,0,0
_zR19hEST16-OJNP7ZvOM,HqZr5_QRlbydvzDlXVSxD,0,0
_zR19hEST16-OJNP7ZvOM,7SOdJwXzzf4JBDHBd_aBc,0,0
_zR19hEST16-OJNP7ZvOM,goP7mmTOY5qoIHaUNC8V4,0,0
_zR19hEST16-OJNP7ZvOM,CAWmB8ZfnsGYd2xF51NGc,0,0
_zR19hEST16-OJNP7ZvOM,RoWgbnz3DPcuui1NG_5cG,0,0
_zR19hEST16-OJNP7ZvOM,Q5avePCIp2219ZVlJ52Jj,0,0
_zR19hEST16-OJNP7ZvOM,p4FPenwGPjcMXlbU9Y70i,0,0
_zR19hEST16-OJNP7ZvOM,PG_082z3sXSzgke7wIADG,0,0
_zR19hEST16-OJNP7ZvOM,Hu_H_-IzMPB5qZXo8SvN7,0,0
MxDn4Cvh11ZXJYOZkjYjJ,hsr9sWG_TMiESLo9gCCxr,0,0
_zR19hEST16-OJNP7ZvOM,hsr9sWG_TMiESLo9gCCxr,0,0
MxDn4Cvh11ZXJYOZkjYjJ,D4sNwXulmL2z6gSqgzc7d,0,0
_zR19hEST16-OJNP7ZvOM,D4sNwXulmL2z6gSqgzc7d,0,0
_zR19hEST16-OJNP7ZvOM,-f91Mdf0XQuX8XPPi9swV,0,0
_zR19hEST16-OJNP7ZvOM,56TpUjT6eLFKe2Of8w5_t,0,0
8OkXGU7cv0xbt824RMTKb,56TpUjT6eLFKe2Of8w5_t,0,0
kYiAYKfppxHQ0d2W1jLSp,pkY5VRD91YWXX0AYIT8Qt,0,0
_zR19hEST16-OJNP7ZvOM,pkY5VRD91YWXX0AYIT8Qt,0,0
8OkXGU7cv0xbt824RMTKb,pkY5VRD91YWXX0AYIT8Qt,0,0
MxDn4Cvh11ZXJYOZkjYjJ,qyhnHQo5MX_O15GeAOoEY,0,0
kYiAYKfppxHQ0d2W1jLSp,qyhnHQo5MX_O15GeAOoEY,0,0
MxDn4Cvh11ZXJYOZkjYjJ,O_X2gNFEjvX4_m8Sh0jA0,0,0
_zR19hEST16-OJNP7ZvOM,O_X2gNFEjvX4_m8Sh0jA0,0,0
_zR19hEST16-OJNP7ZvOM,wFOe5fd5CIwU46Pggrsoy,0,0
MxDn4Cvh11ZXJYOZkjYjJ,2RTqHBMvaOHkcq5Ldv_0q,0,0
_zR19hEST16-OJNP7ZvOM,vc6NI-cMUz74BXqgBTqLb,0,0
MxDn4Cvh11ZXJYOZkjYjJ,Qrjv44_PJ1zw2-Ly9kGuH,0,0
MxDn4Cvh11ZXJYOZkjYjJ,vUZmerDq0nELFiwd8bHnP,0,0
_zR19hEST16-OJNP7ZvOM,vUZmerDq0nELFiwd8bHnP,0,0
_zR19hEST16-OJNP7ZvOM,Z4cdvgUqkwEMoHFYxCh24,0,0
8OkXGU7cv0xbt824RMTKb,Z4cdvgUqkwEMoHFYxCh24,0,0
ic_g-DZTYDApZR_v7Cdcy,snYqI7sUWdElbDgtcgl34,0,0
MxDn4Cvh11ZXJYOZkjYjJ,snYqI7sUWdElbDgtcgl34,0,0
_zR19hEST16-OJNP7ZvOM,Xmx8XDTXi9lXAyI-ShBNw,0,0
_zR19hEST16-OJNP7ZvOM,QE2eFvZrV3g9bN9hUzalE,0,0
MxDn4Cvh11ZXJYOZkjYjJ,SlRUkfYdFGClrDSOh_4e6,0,0
_zR19hEST16-OJNP7ZvOM,SlRUkfYdFGClrDSOh_4e6,0,0
kYiAYKfppxHQ0d2W1jLSp,MZwjPkwQNzpkrw57gVWcr,0,0
_zR19hEST16-OJNP7ZvOM,MZwjPkwQNzpkrw57gVWcr,0,0
_zR19hEST16-OJNP7ZvOM,6EhERUKvk2Az2oQwoSAt9,0,0
MxDn4Cvh11ZXJYOZkjYjJ,zc-cGtvCOmXYIHUJrKSqN,0,0
kYiAYKfppxHQ0d2W1jLSp,FXgRjIRgQbxf3BvxuWL9M,0,0
_zR19hEST16-OJNP7ZvOM,859py59MYOCv4BPBfdL_y,0,0
kYiAYKfppxHQ0d2W1jLSp,mJaf2zc-fsrE0k_C_bgh0,0,0
8OkXGU7cv0xbt824RMTKb,mJaf2zc-fsrE0k_C_bgh0,0,0
kYiAYKfppxHQ0d2W1jLSp,kFxkx4JRIedt24BpowFC3,0,0
8OkXGU7cv0xbt824RMTKb,kFxkx4JRIedt24BpowFC3,0,0
_zR19hEST16-OJNP7ZvOM,YT4h9n3H_ZNrOuiHYlmoA,0,0
_zR19hEST16-OJNP7ZvOM,vSSKL90GWgRgqFRVAbk6F,0,0
MxDn4Cvh11ZXJYOZkjYjJ,qR--IkCBAIebGeeZi8FGx,0,0
kYiAYKfppxHQ0d2W1jLSp,qR--IkCBAIebGeeZi8FGx,0,0
_zR19hEST16-OJNP7ZvOM,qR--IkCBAIebGeeZi8FGx,0,0
_zR19hEST16-OJNP7ZvOM,q7joMFz9UkevLyWkubjC2,0,0
_zR19hEST16-OJNP7ZvOM,9LHQncTcD5cVGrQMf7jAS,0,0
kYiAYKfppxHQ0d2W1jLSp,fQ5N6benWwiTYuaktIhXi,0,0
csY1AZ2pGANQoTsCvqjfE,fQ5N6benWwiTYuaktIhXi,0,0
LGBpCgpufXn2VLmVjscEl,ZeDD9LTgg6J2cxLhfU1nM,0,0
kYiAYKfppxHQ0d2W1jLSp,ZeDD9LTgg6J2cxLhfU1nM,0,0
_zR19hEST16-OJNP7ZvOM,iJXY0shOGBxog0PBYWe_T,0,0
_zR19hEST16-OJNP7ZvOM,nmXzY4Jjr9jGDde0PxxKE,0,0
_zR19hEST16-OJNP7ZvOM,B6Jpm-sbLu8QN8s2qZ-ky,0,0
MxDn4Cvh11ZXJYOZkjYjJ,Va0Urkmmr0hvVdA1KlEBV,0,0
_zR19hEST16-OJNP7ZvOM,Va0Urkmmr0hvVdA1KlEBV,0,0
MxDn4Cvh11ZXJYOZkjYjJ,M8mfjAnsA7XC4SkPHC1U1,0,0
_zR19hEST16-OJNP7ZvOM,M8mfjAnsA7XC4SkPHC1U1,0,0
_zR19hEST16-OJNP7ZvOM,do7taZKLKim7p5sYVjGyS,0,0
kYiAYKfppxHQ0d2W1jLSp,M7AYjBEI0o2ou09qiMklf,0,0
_zR19hEST16-OJNP7ZvOM,57nIwlDl07Mr-chY_7mTH,0,0
_zR19hEST16-OJNP7ZvOM,z3aUW9wgfF6fcsEfiy-Ut,0,0
MxDn4Cvh11ZXJYOZkjYjJ,ooi7QtL1QIEfDAg7fJ2Ll,0,0
kYiAYKfppxHQ0d2W1jLSp,ooi7QtL1QIEfDAg7fJ2Ll,0,0
_zR19hEST16-OJNP7ZvOM,N_zoG-OQkTLODLx233FoP,0,0
_zR19hEST16-OJNP7ZvOM,vQ_s0b4lFLLy1kXejIR1p,0,0
MxDn4Cvh11ZXJYOZkjYjJ,gtWogKNQPlYZgWawayx1V,0,0
csY1AZ2pGANQoTsCvqjfE,gtWogKNQPlYZgWawayx1V,0,0
MxDn4Cvh11ZXJYOZkjYjJ,txL1WKD6dr9TjTsDuUu8D,0,0
_zR19hEST16-OJNP7ZvOM,txL1WKD6dr9TjTsDuUu8D,0,0
_zR19hEST16-OJNP7ZvOM,QuEOZYMU6SWNxI6IVXMAK,0,0
_zR19hEST16-OJNP7ZvOM,ltLoJ9hPd_fHUh4SsnySd,0,0
csY1AZ2pGANQoTsCvqjfE,4o--59eZVIs9CbHfxg-GE,0,0
csY1AZ2pGANQoTsCvqjfE,CpF_xfi0giKHoUucp8a6E,0,0
csY1AZ2pGANQoTsCvqjfE,-aHMbMcRa-52TSNraxxyB,0,0
_zR19hEST16-OJNP7ZvOM,j7YYm4ELeHkMM-t3H5NsV,0,0
MxDn4Cvh11ZXJYOZkjYjJ,UC7o_pd6dFhaIb8qoDGtK,0,0
_zR19hEST16-OJNP7ZvOM,UC7o_pd6dFhaIb8qoDGtK,0,0
_zR19hEST16-OJNP7ZvOM,TBUpMPVad3qM1Cy8nJRbc,0,0
_zR19hEST16-OJNP7ZvOM,Ti6CuXTnxrY_W_f1iev_r,0,0
_zR19hEST16-OJNP7ZvOM,eT2QXxyPgBpJ2mvKe9OVx,0,0
_zR19hEST16-OJNP7ZvOM,MsrceOpfLM_rpGQw44AfK,0,0
_zR19hEST16-OJNP7ZvOM,Ry3LRznUiySX-I4N1j3N6,0,0
_zR19hEST16-OJNP7ZvOM,yQ24dH-V3rH-JjZwiSW1i,0,0
MxDn4Cvh11ZXJYOZkjYjJ,NtisAKbNZloKdZCHzXArH,0,0
_zR19hEST16-OJNP7ZvOM,NtisAKbNZloKdZCHzXArH,0,0
_zR19hEST16-OJNP7ZvOM,Z_tpv354erVHGRnAf0gJP,0,0
_zR19hEST16-OJNP7ZvOM,xAyzOlNdHfgU_sYkdnn3x,0,0
_zR19hEST16-OJNP7ZvOM,YgP3SDin9RCwKKPW3ZYpO,0,0
_zR19hEST16-OJNP7ZvOM,vkpq6VNfOq-R1mUng83op,0,0
_zR19hEST16-OJNP7ZvOM,T-R-nI4O6wERQ4AWJZNXT,0,0
_zR19hEST16-OJNP7ZvOM,7m5jBEv2Sn9XycVaM1q4Y,0,0
MxDn4Cvh11ZXJYOZkjYjJ,I6hEvwp3lwm2b4b5jKcIq,0,0
_zR19hEST16-OJNP7ZvOM,I6hEvwp3lwm2b4b5jKcIq,0,0
_zR19hEST16-OJNP7ZvOM,xyodnAzeq9SWhWNH1-fIS,0,0
_zR19hEST16-OJNP7ZvOM,3TUoja2DXvYmP8eVqn0cm,0,0
MxDn4Cvh11ZXJYOZkjYjJ,Tckft3fqCqXBy9sTzI0F_,0,0
_zR19hEST16-OJNP7ZvOM,Tckft3fqCqXBy9sTzI0F_,0,0
_zR19hEST16-OJNP7ZvOM,0H56vEPUUuZSGUl-RzKYv,0,0
kYiAYKfppxHQ0d2W1jLSp,SNR_aE9fn7b5Wzpn0-Qmb,0,0
MxDn4Cvh11ZXJYOZkjYjJ,OGe1tnwdeE_3IYZKNqE-i,0,0
_zR19hEST16-OJNP7ZvOM,OGe1tnwdeE_3IYZKNqE-i,0,0
wShxvytCUdKTRCFsKsdtl,OGe1tnwdeE_3IYZKNqE-i,0,0
_zR19hEST16-OJNP7ZvOM,p7wxY5YNUecj_HG39MVYl,0,0
O7X5bSqpNXbqa59XH4PC5,A8IJYzC_gzC6ejrn1RFKv,0,0
kYiAYKfppxHQ0d2W1jLSp,A8IJYzC_gzC6ejrn1RFKv,0,0
MxDn4Cvh11ZXJYOZkjYjJ,wBXewIj2c81V7yXL_eWa2,0,0
_zR19hEST16-OJNP7ZvOM,wBXewIj2c81V7yXL_eWa2,0,0
wShxvytCUdKTRCFsKsdtl,wBXewIj2c81V7yXL_eWa2,0,0
_zR19hEST16-OJNP7ZvOM,4d-w78fngkUNR2nd284MI,0,0
iRywMhC1XGIlxM79HoWZS,4d-w78fngkUNR2nd284MI,0,0
_zR19hEST16-OJNP7ZvOM,CaK0J5eeX10pPH0LmvND6,0,0
_zR19hEST16-OJNP7ZvOM,h_P5TxjqbvTCfqnduTxlm,0,0
wShxvytCUdKTRCFsKsdtl,h_P5TxjqbvTCfqnduTxlm,0,0
_zR19hEST16-OJNP7ZvOM,CmTCA2KniOlv8idFsiTbP,0,0
O-TOAWhGViF_orT6LUAeJ,WDpWkLYwqh5-ivAe6JUB6,0,0
kYiAYKfppxHQ0d2W1jLSp,WDpWkLYwqh5-ivAe6JUB6,0,0
_zR19hEST16-OJNP7ZvOM,U9L_QRq8r0p27ZcMYlQ7H,0,0
iRywMhC1XGIlxM79HoWZS,U9L_QRq8r0p27ZcMYlQ7H,0,0
MxDn4Cvh11ZXJYOZkjYjJ,D1hkYdF4W_e2afBO8Sq36,0,0
_zR19hEST16-OJNP7ZvOM,D1hkYdF4W_e2afBO8Sq36,0,0
iRywMhC1XGIlxM79HoWZS,D1hkYdF4W_e2afBO8Sq36,0,0
_zR19hEST16-OJNP7ZvOM,PYfC_yMiXwWgXzO2V0ncZ,0,0
LGBpCgpufXn2VLmVjscEl,dYjfk3Efw8tZFr_fc7K9y,0,0
kYiAYKfppxHQ0d2W1jLSp,dYjfk3Efw8tZFr_fc7K9y,0,0
_zR19hEST16-OJNP7ZvOM,NFSnRiWXM86tpWC35kIut,0,0
wShxvytCUdKTRCFsKsdtl,NFSnRiWXM86tpWC35kIut,0,0
MxDn4Cvh11ZXJYOZkjYjJ,0K2fsQ-qp2Q1Uk5oltpM9,0,0
_zR19hEST16-OJNP7ZvOM,0K2fsQ-qp2Q1Uk5oltpM9,0,0
_zR19hEST16-OJNP7ZvOM,cdWsuUKZ5sgu9TahRetSK,0,0
wShxvytCUdKTRCFsKsdtl,cdWsuUKZ5sgu9TahRetSK,0,0
MxDn4Cvh11ZXJYOZkjYjJ,YIfRqAwXdGv8V_ZB99s_5,0,0
_zR19hEST16-OJNP7ZvOM,YIfRqAwXdGv8V_ZB99s_5,0,0
wShxvytCUdKTRCFsKsdtl,YIfRqAwXdGv8V_ZB99s_5,0,0
_zR19hEST16-OJNP7ZvOM,bu5Gu8BI5Izq-DNSjvZVG,0,0
iRywMhC1XGIlxM79HoWZS,bu5Gu8BI5Izq-DNSjvZVG,0,0
MxDn4Cvh11ZXJYOZkjYjJ,eQvf5NTwA7IrQ5Lm2Raps,0,0
_zR19hEST16-OJNP7ZvOM,eQvf5NTwA7IrQ5Lm2Raps,0,0
iRywMhC1XGIlxM79HoWZS,eQvf5NTwA7IrQ5Lm2Raps,0,0
MxDn4Cvh11ZXJYOZkjYjJ,w5UIbcmzHvudFnxpX3lk0,0,0
_zR19hEST16-OJNP7ZvOM,w5UIbcmzHvudFnxpX3lk0,0,0
iRywMhC1XGIlxM79HoWZS,w5UIbcmzHvudFnxpX3lk0,0,0
MxDn4Cvh11ZXJYOZkjYjJ,9-3eWCzqz3iLkO1e4YdZP,0,0
_zR19hEST16-OJNP7ZvOM,9-3eWCzqz3iLkO1e4YdZP,0,0
_zR19hEST16-OJNP7ZvOM,c5nwL8-1RIOtD-7nhZ8K9,0,0
kYiAYKfppxHQ0d2W1jLSp,_fpBn8QYuLRZ9OBSXWf15,0,0
_zR19hEST16-OJNP7ZvOM,VAL6IFc07pvHccWmY00pg,0,0
_zR19hEST16-OJNP7ZvOM,kEj282IgquWxEIwD1U_p1,0,0
_zR19hEST16-OJNP7ZvOM,znyGxse2L5-lR5-NUrixH,0,0
MxDn4Cvh11ZXJYOZkjYjJ,kYQF1eM1NXqzSISKYjoU5,0,0
_zR19hEST16-OJNP7ZvOM,kYQF1eM1NXqzSISKYjoU5,0,0
MxDn4Cvh11ZXJYOZkjYjJ,Nx3NmxamoB7soTtyMrcfE,0,0
_zR19hEST16-OJNP7ZvOM,Nx3NmxamoB7soTtyMrcfE,0,0
iRywMhC1XGIlxM79HoWZS,Nx3NmxamoB7soTtyMrcfE,0,0
wShxvytCUdKTRCFsKsdtl,Nx3NmxamoB7soTtyMrcfE,0,0
_zR19hEST16-OJNP7ZvOM,VujlSbbYch9U_P1ZyauT8,0,0
MxDn4Cvh11ZXJYOZkjYjJ,RK7GrOAKhl-bnUNbnWBRd,0,0
_zR19hEST16-OJNP7ZvOM,RK7GrOAKhl-bnUNbnWBRd,0,0
iRywMhC1XGIlxM79HoWZS,RK7GrOAKhl-bnUNbnWBRd,0,0
kYiAYKfppxHQ0d2W1jLSp,jP6qsc8NaVub5KHv0GUS9,0,0
_zR19hEST16-OJNP7ZvOM,UFJjZiGCSP8QdFMe_0t39,0,0
iRywMhC1XGIlxM79HoWZS,UFJjZiGCSP8QdFMe_0t39,0,0
_zR19hEST16-OJNP7ZvOM,xDzOur0W1r62K-h5A9wYX,0,0
MxDn4Cvh11ZXJYOZkjYjJ,o3zV2bl5vZlygIoOV-ToO,0,0
_zR19hEST16-OJNP7ZvOM,o3zV2bl5vZlygIoOV-ToO,0,0
_zR19hEST16-OJNP7ZvOM,4q0T060LnThGKHr_XhvYt,0,0
_zR19hEST16-OJNP7ZvOM,Fccuabzq0hVES_GDqKxEt,0,0
_zR19hEST16-OJNP7ZvOM,2n0GzU5ohobtwhs6BHAiY,0,0
_zR19hEST16-OJNP7ZvOM,0zTrvA-6aVO8eNdHBoW7G,0,0
_zR19hEST16-OJNP7ZvOM,9YKMkEd9DAe2ZI1wV8MXb,0,0
_zR19hEST16-OJNP7ZvOM,HBtkfiTiA7jZ9CSovC7br,0,0
_zR19hEST16-OJNP7ZvOM,kN4pldCOlinyctlR_RjwJ,0,0
_zR19hEST16-OJNP7ZvOM,D206pQI7AMjje3NeFWqDe,0,0
YXyjN2MHhT5nCXLFkCRF3,BXhtvPNgBB250VJrX9Kwo,0,0
kYiAYKfppxHQ0d2W1jLSp,BXhtvPNgBB250VJrX9Kwo,0,0
YXyjN2MHhT5nCXLFkCRF3,gom9m84NHghSTKc_Qf9rt,0,0
kYiAYKfppxHQ0d2W1jLSp,gom9m84NHghSTKc_Qf9rt,0,0
kYiAYKfppxHQ0d2W1jLSp,JpaKRaTCbaBever3R1Ucc,0,0
d24QQxjGQg_JIWxxtxjKN,sFlYUgbMsvKLkDgWkpjPb,0,0
kYiAYKfppxHQ0d2W1jLSp,sFlYUgbMsvKLkDgWkpjPb,0,0
d24QQxjGQg_JIWxxtxjKN,LmtZrao_3o2dE0DYKoXWB,0,0
YXyjN2MHhT5nCXLFkCRF3,LmtZrao_3o2dE0DYKoXWB,0,0
kYiAYKfppxHQ0d2W1jLSp,LmtZrao_3o2dE0DYKoXWB,0,0
_zR19hEST16-OJNP7ZvOM,0SYi2rS6-eptSx9Jli9MG,0,0
O-TOAWhGViF_orT6LUAeJ,t8TfRQn4UePo91vNUTSAl,0,0
kYiAYKfppxHQ0d2W1jLSp,t8TfRQn4UePo91vNUTSAl,0,0
YXyjN2MHhT5nCXLFkCRF3,66t0PwJqknQA_0wfSHwix,0,0
kYiAYKfppxHQ0d2W1jLSp,66t0PwJqknQA_0wfSHwix,0,0
_zR19hEST16-OJNP7ZvOM,0MqbIfE1OsaggQS9QCZSg,0,0
_zR19hEST16-OJNP7ZvOM,mDWurE1JZULLC5izuPPy2,0,0
MxDn4Cvh11ZXJYOZkjYjJ,TSwpUWX58yW4--9Q1HVmf,0,0
_zR19hEST16-OJNP7ZvOM,TSwpUWX58yW4--9Q1HVmf,0,0
iRywMhC1XGIlxM79HoWZS,TSwpUWX58yW4--9Q1HVmf,0,0
MxDn4Cvh11ZXJYOZkjYjJ,cexhW1awUBKv-mrwl75H1,0,0
_zR19hEST16-OJNP7ZvOM,cexhW1awUBKv-mrwl75H1,0,0
iRywMhC1XGIlxM79HoWZS,cexhW1awUBKv-mrwl75H1,0,0
_zR19hEST16-OJNP7ZvOM,G5xQd15DHqZMJI-6RpEOX,0,0
_zR19hEST16-OJNP7ZvOM,PzmGfX0MN6GFIRq9XcrHC,0,0
MxDn4Cvh11ZXJYOZkjYjJ,UCN2XOVUVt6_-_TR7gy2v,0,0
_zR19hEST16-OJNP7ZvOM,UCN2XOVUVt6_-_TR7gy2v,0,0
wShxvytCUdKTRCFsKsdtl,UCN2XOVUVt6_-_TR7gy2v,0,0
_zR19hEST16-OJNP7ZvOM,uecSgZG32oJ3kDkz2FiVS,0,0
iRywMhC1XGIlxM79HoWZS,uecSgZG32oJ3kDkz2FiVS,0,0
_zR19hEST16-OJNP7ZvOM,ztk0bpSn6AslFHQ0vPusW,0,0
iRywMhC1XGIlxM79HoWZS,ztk0bpSn6AslFHQ0vPusW,0,0
YXyjN2MHhT5nCXLFkCRF3,Oi3tH-OXx2Xk1JttpznoR,0,0
kYiAYKfppxHQ0d2W1jLSp,Oi3tH-OXx2Xk1JttpznoR,0,0
YXyjN2MHhT5nCXLFkCRF3,QrofEPWhnJ6HON5bhFoS1,0,0
kYiAYKfppxHQ0d2W1jLSp,QrofEPWhnJ6HON5bhFoS1,0,0
kYiAYKfppxHQ0d2W1jLSp,6s2JjE0lB2jf1bKIR4mX6,0,0
kYiAYKfppxHQ0d2W1jLSp,SvrP3QsvXKQLKTm7EQ20X,0,0
O-TOAWhGViF_orT6LUAeJ,bRj2O2xT-_O_tF50pC1So,0,0
kYiAYKfppxHQ0d2W1jLSp,bRj2O2xT-_O_tF50pC1So,0,0
O-TOAWhGViF_orT6LUAeJ,4zSeBfb_JgIkGNOdXvZQs,0,0
kYiAYKfppxHQ0d2W1jLSp,4zSeBfb_JgIkGNOdXvZQs,0,0
O-TOAWhGViF_orT6LUAeJ,xmEjX4ev_l1sVcqZRLNOR,0,0
kYiAYKfppxHQ0d2W1jLSp,xmEjX4ev_l1sVcqZRLNOR,0,0
O-TOAWhGViF_orT6LUAeJ,X-TwNXBDwTeQB0Mav31bU,0,0
kYiAYKfppxHQ0d2W1jLSp,X-TwNXBDwTeQB0Mav31bU,0,0
kYiAYKfppxHQ0d2W1jLSp,uUS71yCwTy-mMs2Gs1Kp7,0,0
MxDn4Cvh11ZXJYOZkjYjJ,lsleH54u3UHhe1yORfDs0,0,0
_zR19hEST16-OJNP7ZvOM,lsleH54u3UHhe1yORfDs0,0,0
iRywMhC1XGIlxM79HoWZS,lsleH54u3UHhe1yORfDs0,0,0
kYiAYKfppxHQ0d2W1jLSp,ezbhPEJI1y-hMhjqjB4Yr,0,0
_zR19hEST16-OJNP7ZvOM,FhcBxO3pSA8N_22_ekl-f,0,0
O-TOAWhGViF_orT6LUAeJ,UQcxWkedGQT8ZMwmBMCCv,0,0
kYiAYKfppxHQ0d2W1jLSp,UQcxWkedGQT8ZMwmBMCCv,0,0
kYiAYKfppxHQ0d2W1jLSp,FoZDjD9_skSMC392IvUBH,0,0
kYiAYKfppxHQ0d2W1jLSp,Ew5-8LTOhhub9yJ6SK9kR,0,0
kYiAYKfppxHQ0d2W1jLSp,ZPt81ToAqtVOCfUGdOxje,0,0
_zR19hEST16-OJNP7ZvOM,sOF6posuPS3lQ3-Y3WTYy,0,0
HgsJeWYH-psK03VYxlxkn,sOF6posuPS3lQ3-Y3WTYy,0,0
kYiAYKfppxHQ0d2W1jLSp,EpQ6oAOuDW6QCX5QtHBbk,0,0
kYiAYKfppxHQ0d2W1jLSp,gigTXIcN8cXbUDQTEPn2r,0,0
d24QQxjGQg_JIWxxtxjKN,AN6TTWBD46q_E1tCS4LyC,0,0
kYiAYKfppxHQ0d2W1jLSp,AN6TTWBD46q_E1tCS4LyC,0,0
LGBpCgpufXn2VLmVjscEl,NRrzGEnN_0Ya4PX8QKRqO,0,0
kYiAYKfppxHQ0d2W1jLSp,NRrzGEnN_0Ya4PX8QKRqO,0,0
kYiAYKfppxHQ0d2W1jLSp,R3o_bo6z1J9azyjTK7cHf,0,0
kYiAYKfppxHQ0d2W1jLSp,W37d7VfBqh58X2Mdq71qw,0,0
lBKeew-TH9Q1xk7a31D-B,4wBDlh9b774qfGD3pWe6d,0,0
O-TOAWhGViF_orT6LUAeJ,4wBDlh9b774qfGD3pWe6d,0,0
kYiAYKfppxHQ0d2W1jLSp,4wBDlh9b774qfGD3pWe6d,0,0
_zR19hEST16-OJNP7ZvOM,yFQwxM7cOFO5508Fmjl1w,0,0
O-TOAWhGViF_orT6LUAeJ,0MrPG9OT6P3cWTVT7hCL9,0,0
kYiAYKfppxHQ0d2W1jLSp,0MrPG9OT6P3cWTVT7hCL9,0,0
_zR19hEST16-OJNP7ZvOM,Ch_t1N6EnWEtPeiEpOPgR,0,0
d24QQxjGQg_JIWxxtxjKN,wZ_Uj_yveXV11BiLu8wVB,0,0
YXyjN2MHhT5nCXLFkCRF3,wZ_Uj_yveXV11BiLu8wVB,0,0
kYiAYKfppxHQ0d2W1jLSp,wZ_Uj_yveXV11BiLu8wVB,0,0
_zR19hEST16-OJNP7ZvOM,ciXzk53Xm-XiKsrpdr0yw,0,0
O7X5bSqpNXbqa59XH4PC5,RssVf1DE2spPv8zN2vg5R,0,0
d24QQxjGQg_JIWxxtxjKN,RssVf1DE2spPv8zN2vg5R,0,0
kYiAYKfppxHQ0d2W1jLSp,RssVf1DE2spPv8zN2vg5R,0,0
O-TOAWhGViF_orT6LUAeJ,Ohdwwu22-vX_ImbuTrFv3,0,0
kYiAYKfppxHQ0d2W1jLSp,Ohdwwu22-vX_ImbuTrFv3,0,0
8I74WymPStQmYR5qH0qhL,YcbGG99oyIW41HwRc09v5,0,0
kYiAYKfppxHQ0d2W1jLSp,YcbGG99oyIW41HwRc09v5,0,0
_zR19hEST16-OJNP7ZvOM,YcbGG99oyIW41HwRc09v5,0,0
3TZzFMI-b6rhOmEMd6vva,YcbGG99oyIW41HwRc09v5,0,0
8I74WymPStQmYR5qH0qhL,mrh64by3B9b6MRHbzkLQP,0,0
YF4G744_sJxg1hbAA1k4X,mrh64by3B9b6MRHbzkLQP,0,0
HyxMx-13tDaRyOXecI6Rz,mrh64by3B9b6MRHbzkLQP,0,0
kYiAYKfppxHQ0d2W1jLSp,mrh64by3B9b6MRHbzkLQP,0,0
d24QQxjGQg_JIWxxtxjKN,f9HpKYDyeknjCeeqiB8Op,0,0
YXyjN2MHhT5nCXLFkCRF3,f9HpKYDyeknjCeeqiB8Op,0,0
kYiAYKfppxHQ0d2W1jLSp,f9HpKYDyeknjCeeqiB8Op,0,0
O7X5bSqpNXbqa59XH4PC5,8tyDj9FUJWQ5qd2JEP3KS,0,0
O-TOAWhGViF_orT6LUAeJ,8tyDj9FUJWQ5qd2JEP3KS,0,0
kYiAYKfppxHQ0d2W1jLSp,8tyDj9FUJWQ5qd2JEP3KS,0,0
O7X5bSqpNXbqa59XH4PC5,vuUo7EbodLwWIfEiDk24K,0,0
YXyjN2MHhT5nCXLFkCRF3,vuUo7EbodLwWIfEiDk24K,0,0
kYiAYKfppxHQ0d2W1jLSp,vuUo7EbodLwWIfEiDk24K,0,0
_zR19hEST16-OJNP7ZvOM,vuUo7EbodLwWIfEiDk24K,0,0
8OkXGU7cv0xbt824RMTKb,vuUo7EbodLwWIfEiDk24K,0,0
HyxMx-13tDaRyOXecI6Rz,kWW8COhKn1V7KvaHCOY1w,0,0
YXyjN2MHhT5nCXLFkCRF3,kWW8COhKn1V7KvaHCOY1w,0,0
kYiAYKfppxHQ0d2W1jLSp,kWW8COhKn1V7KvaHCOY1w,0,0
_zR19hEST16-OJNP7ZvOM,1uhZj7HqOSXjxmdcFpmTQ,0,0
O-TOAWhGViF_orT6LUAeJ,1YV1D50AA5UoI5F0uK09J,0,0
kYiAYKfppxHQ0d2W1jLSp,1YV1D50AA5UoI5F0uK09J,0,0
HyxMx-13tDaRyOXecI6Rz,QY0za0ktqSbHaA_JzvYZm,0,0
O-TOAWhGViF_orT6LUAeJ,QY0za0ktqSbHaA_JzvYZm,0,0
kYiAYKfppxHQ0d2W1jLSp,QY0za0ktqSbHaA_JzvYZm,0,0
kYiAYKfppxHQ0d2W1jLSp,tgbUKd8vRsIZIvVOEIyh8,0,0
kYiAYKfppxHQ0d2W1jLSp,iTnEytlglorlzOde51wrS,0,0
O-TOAWhGViF_orT6LUAeJ,MhUcjqKALpjUQ9qkuhuT0,0,0
kYiAYKfppxHQ0d2W1jLSp,MhUcjqKALpjUQ9qkuhuT0,0,0
YF4G744_sJxg1hbAA1k4X,Ze0cE2b6VsjLyc0ETGjfQ,0,0
O-TOAWhGViF_orT6LUAeJ,Ze0cE2b6VsjLyc0ETGjfQ,0,0
kYiAYKfppxHQ0d2W1jLSp,Ze0cE2b6VsjLyc0ETGjfQ,0,0
kYiAYKfppxHQ0d2W1jLSp,jhDamM9QgeCgxNsfIKeH0,0,0
_zR19hEST16-OJNP7ZvOM,LtEm7bIDbdzYH4TD6c9sK,0,0
kYiAYKfppxHQ0d2W1jLSp,N983dAQkVWxJwlWi8nb_N,0,0
_zR19hEST16-OJNP7ZvOM,y0kKlvySjGINkg-qxjRHT,0,0
_zR19hEST16-OJNP7ZvOM,Q53sfE7H1E6Je7ZvYJ3x7,0,0
O-TOAWhGViF_orT6LUAeJ,MAAYQvduKVZK6RYRd38Ly,0,0
kYiAYKfppxHQ0d2W1jLSp,MAAYQvduKVZK6RYRd38Ly,0,0
_zR19hEST16-OJNP7ZvOM,UVfTqd4_ev9vol4smUp9d,0,0
MxDn4Cvh11ZXJYOZkjYjJ,SZ8UieCHMznEsf_Q6EybI,0,0
_zR19hEST16-OJNP7ZvOM,SZ8UieCHMznEsf_Q6EybI,0,0
kYiAYKfppxHQ0d2W1jLSp,BN8qxUwQ58_bGcy1crLbR,0,0
O-TOAWhGViF_orT6LUAeJ,HxotH2CR2e4AsbnkpR-ZD,0,0
kYiAYKfppxHQ0d2W1jLSp,HxotH2CR2e4AsbnkpR-ZD,0,0
kYiAYKfppxHQ0d2W1jLSp,zVe6i8D895rFEjlRZ4LtW,0,0
kYiAYKfppxHQ0d2W1jLSp,ObHwvKvMqY5uHhQ6JVhVQ,0,0
_zR19hEST16-OJNP7ZvOM,PB7lAOkUHhL5Q5Xrgi_DY,0,0
_zR19hEST16-OJNP7ZvOM,xtl0ioLiBlRejkZNEfCz1,0,0
_zR19hEST16-OJNP7ZvOM,I0FuCh24hdKAroVi8kvMt,0,0
_zR19hEST16-OJNP7ZvOM,0_xC05llckH00ow44OBG_,0,0
_zR19hEST16-OJNP7ZvOM,EE3cR-hbWnphH5z32cg1f,0,0
_zR19hEST16-OJNP7ZvOM,ktbLINZJqyyfdmawfCpEP,0,0
_zR19hEST16-OJNP7ZvOM,z9Cap5OQiu1dgn48WaR6j,0,0
_zR19hEST16-OJNP7ZvOM,xSXg2DoQufRwGe__p5SLs,0,0
_zR19hEST16-OJNP7ZvOM,My1g7O7guep2Z-OLIvtv5,0,0
_zR19hEST16-OJNP7ZvOM,tURezy_ctECa2TpCSYMaZ,0,0
_zR19hEST16-OJNP7ZvOM,9tXxeY4Z69n4Xj2aLCZqE,0,0
_zR19hEST16-OJNP7ZvOM,c99Kay_0wR92shCDEyfKV,0,0
_zR19hEST16-OJNP7ZvOM,4KU-kSQIAdfrmqt09_STI,0,0
_zR19hEST16-OJNP7ZvOM,eltGpf5xMAK4DDZoVRJQU,0,0
_zR19hEST16-OJNP7ZvOM,yXIQjHlkpzyYtd6i2iATz,0,0
MxDn4Cvh11ZXJYOZkjYjJ,Jm_xBm09E7h9hhqIE-jRl,0,0
_zR19hEST16-OJNP7ZvOM,Jm_xBm09E7h9hhqIE-jRl,0,0
kYiAYKfppxHQ0d2W1jLSp,p_5ReMwLkMMCjiu3C_NqE,0,0
kYiAYKfppxHQ0d2W1jLSp,nGNZs10-Hn3bJYj3-hIrR,0,0
HyxMx-13tDaRyOXecI6Rz,mjumIfM9c03NS78CEFwdj,0,0
kYiAYKfppxHQ0d2W1jLSp,mjumIfM9c03NS78CEFwdj,0,0
d24QQxjGQg_JIWxxtxjKN,BWCxvrupwSoF2wcIXU3bX,0,0
kYiAYKfppxHQ0d2W1jLSp,BWCxvrupwSoF2wcIXU3bX,0,0
_zR19hEST16-OJNP7ZvOM,w3ZE0-8JOHV1A-eCT_xZI,0,0
pZAk02IsX35VBbmxht3rl,AMvmsOeKXsUeuIp6gSQfa,0,0
kYiAYKfppxHQ0d2W1jLSp,AMvmsOeKXsUeuIp6gSQfa,0,0
_zR19hEST16-OJNP7ZvOM,X16YYvzWiSnMXb3I58MI8,0,0
kYiAYKfppxHQ0d2W1jLSp,U0I3lwUctFFGluv0Rg_PK,0,0
kYiAYKfppxHQ0d2W1jLSp,gS-csrfUcMG1mc1dvxcaE,0,0
kYiAYKfppxHQ0d2W1jLSp,JTyziL5bz1bnMLoHqwBPc,0,0
O-TOAWhGViF_orT6LUAeJ,a04zSxdTm6z7kokm3pw_s,0,0
kYiAYKfppxHQ0d2W1jLSp,a04zSxdTm6z7kokm3pw_s,0,0
kYiAYKfppxHQ0d2W1jLSp,V8lho3Cqi5_qJaRtvHjPj,0,0
kYiAYKfppxHQ0d2W1jLSp,-hS3eXkArDXIEBbRliAbq,0,0
O-TOAWhGViF_orT6LUAeJ,w6C-v7kaSKr1ZOvXqkuGs,0,0
kYiAYKfppxHQ0d2W1jLSp,w6C-v7kaSKr1ZOvXqkuGs,0,0
O-TOAWhGViF_orT6LUAeJ,HLlD662YuR4MaSKF6pmD2,0,0
kYiAYKfppxHQ0d2W1jLSp,HLlD662YuR4MaSKF6pmD2,0,0
kYiAYKfppxHQ0d2W1jLSp,FlogsI7pWqh5Jhf-nx57-,0,0
d24QQxjGQg_JIWxxtxjKN,mGsF2VpVlZpLxNbdhI4FL,0,0
kYiAYKfppxHQ0d2W1jLSp,mGsF2VpVlZpLxNbdhI4FL,0,0
kYiAYKfppxHQ0d2W1jLSp,66pxCrNqC19YHf2LdFOXS,0,0
kYiAYKfppxHQ0d2W1jLSp,zrpBifgcCO7g1DjYQ1v9A,0,0
kYiAYKfppxHQ0d2W1jLSp,jC2ZSB7TCGAhDeK_CTNuj,0,0
kYiAYKfppxHQ0d2W1jLSp,bbBCilPYtx_FfumPLQRqG,0,0
d24QQxjGQg_JIWxxtxjKN,0aANjS4hkfgYM6jyk0bnz,0,0
YXyjN2MHhT5nCXLFkCRF3,0aANjS4hkfgYM6jyk0bnz,0,0
kYiAYKfppxHQ0d2W1jLSp,0aANjS4hkfgYM6jyk0bnz,0,0
kYiAYKfppxHQ0d2W1jLSp,KUuDk9aUk-QlE5TL2KFn_,0,0
O7X5bSqpNXbqa59XH4PC5,bI-IPe9PigVIUaxQaTVMD,0,0
kYiAYKfppxHQ0d2W1jLSp,bI-IPe9PigVIUaxQaTVMD,0,0
d24QQxjGQg_JIWxxtxjKN,aV8cHC0fy75Qa0VMwrLTN,0,0
kYiAYKfppxHQ0d2W1jLSp,aV8cHC0fy75Qa0VMwrLTN,0,0
kYiAYKfppxHQ0d2W1jLSp,1Yh8Tv8C5s5i_qEfPVOu_,0,0
kYiAYKfppxHQ0d2W1jLSp,p6KCIi4r8zu6zV7FWa0cV,0,0
kYiAYKfppxHQ0d2W1jLSp,uAksUxt6JD6JYgCPFvUo_,0,0
kYiAYKfppxHQ0d2W1jLSp,mVgbZcfCvMzf0YIqg1Y0m,0,0
kYiAYKfppxHQ0d2W1jLSp,DICKK8bsykenS1luaM5bR,0,0
_zR19hEST16-OJNP7ZvOM,0daDDPiMlexz7joLYgRIN,0,0
_zR19hEST16-OJNP7ZvOM,gl0rUV1-DcgaowRvLpoEO,0,0
_zR19hEST16-OJNP7ZvOM,Cl9nAIiqlhr4IA1QdJz1Y,0,0
_zR19hEST16-OJNP7ZvOM,KolhFMo131bi8uFmKPXxP,0,0
kYiAYKfppxHQ0d2W1jLSp,bIWKSeko2WHqv9swUiII4,0,0
_zR19hEST16-OJNP7ZvOM,1jd8fZpOsSj40eUiePVUC,0,0
_zR19hEST16-OJNP7ZvOM,G7LZnogDhN6C7K3fcdpYk,0,0
HyxMx-13tDaRyOXecI6Rz,8mw0qcXR-xQt4XVuJsLUB,0,0
kYiAYKfppxHQ0d2W1jLSp,8mw0qcXR-xQt4XVuJsLUB,0,0
HyxMx-13tDaRyOXecI6Rz,_9qutFdi5zQ81jObeaLYb,0,0
kYiAYKfppxHQ0d2W1jLSp,_9qutFdi5zQ81jObeaLYb,0,0
kYiAYKfppxHQ0d2W1jLSp,s6kgd_3FLqz583vhh1PUp,0,0
lBKeew-TH9Q1xk7a31D-B,iCzgBp712q79Xv8lMu4J7,0,0
kYiAYKfppxHQ0d2W1jLSp,iCzgBp712q79Xv8lMu4J7,0,0
lBKeew-TH9Q1xk7a31D-B,vs5FPtr5lLosii1jETfQ4,0,0
kYiAYKfppxHQ0d2W1jLSp,vs5FPtr5lLosii1jETfQ4,0,0
_zR19hEST16-OJNP7ZvOM,YRaA8okCX62BXlwP6d8OO,0,0
HyxMx-13tDaRyOXecI6Rz,ztJ4x5Pq6dt4AiXOHxgg4,0,0
O7X5bSqpNXbqa59XH4PC5,ztJ4x5Pq6dt4AiXOHxgg4,0,0
d24QQxjGQg_JIWxxtxjKN,ztJ4x5Pq6dt4AiXOHxgg4,0,0
YXyjN2MHhT5nCXLFkCRF3,ztJ4x5Pq6dt4AiXOHxgg4,0,0
kYiAYKfppxHQ0d2W1jLSp,ztJ4x5Pq6dt4AiXOHxgg4,0,0
O7X5bSqpNXbqa59XH4PC5,4TlAl4BdJNAqtR6rjI-_q,0,0
kYiAYKfppxHQ0d2W1jLSp,4TlAl4BdJNAqtR6rjI-_q,0,0
HyxMx-13tDaRyOXecI6Rz,KqfzmQv1M1IHv4MlxHQJ3,0,0
O7X5bSqpNXbqa59XH4PC5,KqfzmQv1M1IHv4MlxHQJ3,0,0
kYiAYKfppxHQ0d2W1jLSp,KqfzmQv1M1IHv4MlxHQJ3,0,0
HyxMx-13tDaRyOXecI6Rz,2nZ6_q6TAe1h4pQadnjzG,0,0
O7X5bSqpNXbqa59XH4PC5,2nZ6_q6TAe1h4pQadnjzG,0,0
kYiAYKfppxHQ0d2W1jLSp,2nZ6_q6TAe1h4pQadnjzG,0,0
YF4G744_sJxg1hbAA1k4X,MS_ADA0IqX5cz12roUDB0,0,0
HyxMx-13tDaRyOXecI6Rz,MS_ADA0IqX5cz12roUDB0,0,0
kYiAYKfppxHQ0d2W1jLSp,MS_ADA0IqX5cz12roUDB0,0,0
kYiAYKfppxHQ0d2W1jLSp,8ptyVwdA5xue16kPC0cUl,0,0
_zR19hEST16-OJNP7ZvOM,MkEeAADAlOWv2sKgvQcoB,0,0
kYiAYKfppxHQ0d2W1jLSp,cmNezw-IwDiR4s7r6Iv0k,0,0
kYiAYKfppxHQ0d2W1jLSp,bnsnliVDixMU36BmevLrZ,0,0
kYiAYKfppxHQ0d2W1jLSp,mtxFCKynw84ZemGw1t4rl,0,0
kYiAYKfppxHQ0d2W1jLSp,qdDqYR6kNrdt3fmGyAuWS,0,0
kYiAYKfppxHQ0d2W1jLSp,KyQlqsKdfuk_CC6IeO4mT,0,0
kYiAYKfppxHQ0d2W1jLSp,Wwpj_ocWQadyE_Fa0moV9,0,0
kYiAYKfppxHQ0d2W1jLSp,jZMXbzDw01_CmXMZ3vM0z,0,0
kYiAYKfppxHQ0d2W1jLSp,slf7fb_6GOoSn-oma8F0y,0,0
kYiAYKfppxHQ0d2W1jLSp,gckqvrz5Xcx9AzWO7nYwy,0,0
kYiAYKfppxHQ0d2W1jLSp,VJrT_lsZaglNI0YzlL8Qa,0,0
YF4G744_sJxg1hbAA1k4X,MVNshVElWxV4obDWwg_E4,0,0
HyxMx-13tDaRyOXecI6Rz,MVNshVElWxV4obDWwg_E4,0,0
kYiAYKfppxHQ0d2W1jLSp,MVNshVElWxV4obDWwg_E4,0,0
HyxMx-13tDaRyOXecI6Rz,oZa3voWumsi0nsdzOoXHn,0,0
_zR19hEST16-OJNP7ZvOM,oZa3voWumsi0nsdzOoXHn,0,0
_zR19hEST16-OJNP7ZvOM,gA9A9pgljdEh6_hv-cUov,0,0
_zR19hEST16-OJNP7ZvOM,L3U1O8LZ9aHznzFxgKe5u,0,0
_zR19hEST16-OJNP7ZvOM,iTorjUy7-7eZ3s2eLSrJI,0,0
MxDn4Cvh11ZXJYOZkjYjJ,9Xg_d8fLu0FJk_3_WOkBb,0,0
_zR19hEST16-OJNP7ZvOM,9Xg_d8fLu0FJk_3_WOkBb,0,0
iRywMhC1XGIlxM79HoWZS,9Xg_d8fLu0FJk_3_WOkBb,0,0
MxDn4Cvh11ZXJYOZkjYjJ,G3Y8HOtttXVHq9lDqCO9R,0,0
_zR19hEST16-OJNP7ZvOM,G3Y8HOtttXVHq9lDqCO9R,0,0
iRywMhC1XGIlxM79HoWZS,G3Y8HOtttXVHq9lDqCO9R,0,0
_zR19hEST16-OJNP7ZvOM,NnQSsduxnjkJa-3xMjLqA,0,0
MxDn4Cvh11ZXJYOZkjYjJ,hVF5Qjgb4NtorcRApYFf3,0,0
_zR19hEST16-OJNP7ZvOM,hVF5Qjgb4NtorcRApYFf3,0,0
iRywMhC1XGIlxM79HoWZS,hVF5Qjgb4NtorcRApYFf3,0,0
_zR19hEST16-OJNP7ZvOM,ymXYscvvL17Z-gPhreFrJ,0,0
_zR19hEST16-OJNP7ZvOM,yEFLQ6xLl-mn_IT5cSg3b,0,0
_zR19hEST16-OJNP7ZvOM,C5xZ7-mdn6HvNY0DdaUpb,0,0
kYiAYKfppxHQ0d2W1jLSp,AMwS1QGlGdcD-CUHX4aDt,0,0
_zR19hEST16-OJNP7ZvOM,OF-X5p9YFMFBOXGZojNHw,0,0
kYiAYKfppxHQ0d2W1jLSp,z47B8ust9TzFOX2qpjKtt,0,0
_zR19hEST16-OJNP7ZvOM,VTkq5SJThomH_-HUdqHC9,0,0
kYiAYKfppxHQ0d2W1jLSp,boJ4amDiykt1QpBBZi4af,0,0
_zR19hEST16-OJNP7ZvOM,doAMnYlz8vrRQsWxtY8DF,0,0
HyxMx-13tDaRyOXecI6Rz,_EIQUWiyG3kD9i7bsOoTV,0,0
_zR19hEST16-OJNP7ZvOM,_EIQUWiyG3kD9i7bsOoTV,0,0
_zR19hEST16-OJNP7ZvOM,bUPHRFd58OwFTd73qpvqT,0,0
_zR19hEST16-OJNP7ZvOM,yVj1zOD3d8Ac7AW0USItb,0,0
_zR19hEST16-OJNP7ZvOM,veg_CSOsSp-Kl1yhB11b0,0,0
_zR19hEST16-OJNP7ZvOM,zavlYe0tM2k8Cd1Hhe1oV,0,0
_zR19hEST16-OJNP7ZvOM,igeECdxpLjM57JF3NHlLT,0,0
_zR19hEST16-OJNP7ZvOM,0TotK1tuZFxFXthQ_WBbu,0,0
_zR19hEST16-OJNP7ZvOM,2fVC187meiZ9ta39EpxRj,0,0
_zR19hEST16-OJNP7ZvOM,ITE0vq4xtyRQcJCBsVCCc,0,0
_zR19hEST16-OJNP7ZvOM,cnuWKNv7CiGiiiKF3hiaV,0,0
MxDn4Cvh11ZXJYOZkjYjJ,Ssw407hnzRxkq9qxjB4VI,0,0
_zR19hEST16-OJNP7ZvOM,Ssw407hnzRxkq9qxjB4VI,0,0
_zR19hEST16-OJNP7ZvOM,aV6nM8f0Qr2Hc8A91q9CT,0,0
iRywMhC1XGIlxM79HoWZS,aV6nM8f0Qr2Hc8A91q9CT,0,0
_zR19hEST16-OJNP7ZvOM,J9HZcO1Q86K3d75M1I7sM,0,0
_zR19hEST16-OJNP7ZvOM,VRpbBmU-uZBULvFGhpwru,0,0
_zR19hEST16-OJNP7ZvOM,OQPzDXIhsddK9TNefJIIf,0,0
_zR19hEST16-OJNP7ZvOM,lmMmnhdd5zR6wjTC5Blph,0,0
_zR19hEST16-OJNP7ZvOM,oDYo4rX4-Q5R2MApWlVkp,0,0
_zR19hEST16-OJNP7ZvOM,xDVlNUOoYCK1X8H78brz_,0,0
_zR19hEST16-OJNP7ZvOM,UL9p6OuZRrHsVCW4rUGVv,0,0
kYiAYKfppxHQ0d2W1jLSp,2XJzJy2BYngWWUF-cc7LY,0,0
_zR19hEST16-OJNP7ZvOM,-s-7JuRdK5po4Te_CmiqA,0,0
O7X5bSqpNXbqa59XH4PC5,82oVVllmrIYHYPGbaDwXZ,0,0
_zR19hEST16-OJNP7ZvOM,82oVVllmrIYHYPGbaDwXZ,0,0
_zR19hEST16-OJNP7ZvOM,mD8kei9d9ay7xVOozVo_U,0,0
_zR19hEST16-OJNP7ZvOM,HflGUiig7qx-antN2p-Hb,0,0
_zR19hEST16-OJNP7ZvOM,uTPaTRvYiHjNsjyQtr8Ou,0,0
_zR19hEST16-OJNP7ZvOM,WPfQD0ViKhZJWWZIU78gP,0,0
O7X5bSqpNXbqa59XH4PC5,lBxK59WH_zVrsTABv5o5z,0,0
_zR19hEST16-OJNP7ZvOM,lBxK59WH_zVrsTABv5o5z,0,0
_zR19hEST16-OJNP7ZvOM,bjCcZRrgs0o2pf6lCgHUZ,0,0
MxDn4Cvh11ZXJYOZkjYjJ,uRhaQ6_Q635H4g3WwJvO5,0,0
HyxMx-13tDaRyOXecI6Rz,uRhaQ6_Q635H4g3WwJvO5,0,0
O7X5bSqpNXbqa59XH4PC5,uRhaQ6_Q635H4g3WwJvO5,0,0
_zR19hEST16-OJNP7ZvOM,uRhaQ6_Q635H4g3WwJvO5,0,0
_zR19hEST16-OJNP7ZvOM,qIS_bVLLjzfv0twuNsw0S,0,0
O7X5bSqpNXbqa59XH4PC5,o67nWa46P-P9kWRsc9aDa,0,0
_zR19hEST16-OJNP7ZvOM,o67nWa46P-P9kWRsc9aDa,0,0
kYiAYKfppxHQ0d2W1jLSp,w2pqemp2wzHziXK1Cslth,0,0
_zR19hEST16-OJNP7ZvOM,xkMt_GYfh2tXtvtFrsswW,0,0
_zR19hEST16-OJNP7ZvOM,5vhM9LcujDBpEWXKEO-W_,0,0
_zR19hEST16-OJNP7ZvOM,1j8tnx0eVLybcbf8W7PkU,0,0
_zR19hEST16-OJNP7ZvOM,dvFMulgoDz1hRNO8pd9s5,0,0
_zR19hEST16-OJNP7ZvOM,qaYILbO6MwgV0O_iESnt0,0,0
_zR19hEST16-OJNP7ZvOM,rQo1DeZZgBnqWT7wvBXHS,0,0
kYiAYKfppxHQ0d2W1jLSp,CCsMsi5XESPApUiyOXfiM,0,0
kYiAYKfppxHQ0d2W1jLSp,KCAtXyO9hPZTNM4dJHwKp,0,0
HyxMx-13tDaRyOXecI6Rz,oj7ViYmOhygtxCuG5Q1HN,0,0
kYiAYKfppxHQ0d2W1jLSp,oj7ViYmOhygtxCuG5Q1HN,0,0
kYiAYKfppxHQ0d2W1jLSp,t9yIshNCWN_5966ApVXM1,0,0
HyxMx-13tDaRyOXecI6Rz,6OyQRI1-b_bc6mzgevMKg,0,0
kYiAYKfppxHQ0d2W1jLSp,6OyQRI1-b_bc6mzgevMKg,0,0
kYiAYKfppxHQ0d2W1jLSp,zHk5PvZbKetkVVQkX1Ynu,0,0
kYiAYKfppxHQ0d2W1jLSp,izxfni_zPjeOA49N-oMWr,0,0
kYiAYKfppxHQ0d2W1jLSp,yim3tSni-ncY5B1fEtazj,0,0
kYiAYKfppxHQ0d2W1jLSp,YXDDa24OnTfb4ouoaA8aP,0,0
kYiAYKfppxHQ0d2W1jLSp,y7I5m2BZbTaBw11cJKv4O,0,0
kYiAYKfppxHQ0d2W1jLSp,yIUPmTFehw2TgOSSZNG_Y,0,0
kYiAYKfppxHQ0d2W1jLSp,J3-tsjZxV8PlJSH44m3w1,0,0
kYiAYKfppxHQ0d2W1jLSp,QuTzFD3KoD-vdbFGPROzl,0,0
kYiAYKfppxHQ0d2W1jLSp,zceznydiV_dcsp1cGmsvd,0,0
HyxMx-13tDaRyOXecI6Rz,UgayxjXiqQZn8_Yt9F5qq,0,0
kYiAYKfppxHQ0d2W1jLSp,UgayxjXiqQZn8_Yt9F5qq,0,0
kYiAYKfppxHQ0d2W1jLSp,HO85ObWb4MZiZkq638vuk,0,0
kYiAYKfppxHQ0d2W1jLSp,4jSfGKGJZnmJB7wqIfWZo,0,0
HyxMx-13tDaRyOXecI6Rz,ZaW0CXuewcGZov8DUJ5HK,0,0
O7X5bSqpNXbqa59XH4PC5,ZaW0CXuewcGZov8DUJ5HK,0,0
kYiAYKfppxHQ0d2W1jLSp,ZaW0CXuewcGZov8DUJ5HK,0,0
HyxMx-13tDaRyOXecI6Rz,WtLd19bqTJ38S6scp1OA0,0,0
kYiAYKfppxHQ0d2W1jLSp,WtLd19bqTJ38S6scp1OA0,0,0
HyxMx-13tDaRyOXecI6Rz,k1RWJfF-aQu5SoB5E-q56,0,0
kYiAYKfppxHQ0d2W1jLSp,k1RWJfF-aQu5SoB5E-q56,0,0
HyxMx-13tDaRyOXecI6Rz,LZnu7lfrjDvi8k-3XbZox,0,0
kYiAYKfppxHQ0d2W1jLSp,LZnu7lfrjDvi8k-3XbZox,0,0
HyxMx-13tDaRyOXecI6Rz,rmuRNbTUJ43LPAV_UbdzJ,0,0
kYiAYKfppxHQ0d2W1jLSp,rmuRNbTUJ43LPAV_UbdzJ,0,0
HyxMx-13tDaRyOXecI6Rz,WV-Eq1VhQLCdOhcArGQKC,0,0
kYiAYKfppxHQ0d2W1jLSp,WV-Eq1VhQLCdOhcArGQKC,0,0
kYiAYKfppxHQ0d2W1jLSp,awv6JbOAI38Ed3q8-Iy3c,0,0
kYiAYKfppxHQ0d2W1jLSp,iRTV6NFibyB7ggIKJoW1R,0,0
HyxMx-13tDaRyOXecI6Rz,-guR4swz7EX7CeNnEQI3P,0,0
kYiAYKfppxHQ0d2W1jLSp,-guR4swz7EX7CeNnEQI3P,0,0
kYiAYKfppxHQ0d2W1jLSp,7bHPpjhEyp7j726iOKQab,0,0
kYiAYKfppxHQ0d2W1jLSp,058B73_9XTp1ayBO4K1n3,0,0
kYiAYKfppxHQ0d2W1jLSp,H-s5GYmv65OM8Cn6XhCvK,0,0
kYiAYKfppxHQ0d2W1jLSp,3O2nk8ljXPknw7Hl_Azyj,0,0
