id,name
Xrv4OWrbhB,amos_burton
hxXzHVa0w0,josephus_miller
j_rxLflv85,bobbie_draper
U3jOBoQsKz,james_holden
aBhXJqSAaF,naomi_nagata
aDCQf9YpQs,alice_doyle
WibFKMDKef,juliette_anderson
NvmAfIy8V8,miller_holden
Oa0xMmMWn5,baldwin_miller
xuvDpM6Mm-,miller_josephus
8EBP94A395,pavel_tykhonov
DSX_ML9_ey,sandrine_faber
CrRKOs4315,tom_janovic
MxibAu60Yh,valera_marsch
2-GMrGGTIl,jim_holden
KiTjqb6AVS,mars_in_exile
Weghf9nEFB,josephus_miller_jr
yjGziWDs4a,paul_miller
HxeGGm4Xlk,draper_ford
ls4ny8qvK7,prax_middleton
GSxQiyC7Ud,baldwin_abdullah
ptpv2Fd3pE,anders_sorrento
bCZrsvJg0K,chrisjen_avasarala
sgrWS2MNMa,alex_voss-lawton
HXRl7boegP,bull_butler
A-OzuKQ9-P,klaes_ashford
IZvValenGe,alice_draper
aO2pfZ6nLo,julinchow
VAiFqC9FEn,amos_burnham
6BAKq39-lV,amos_nathan
xmp1FN0CA9,clarissa_mao
pPNN9ezeX-,juliette_andrade
AK7JIPjIy2,amosburton
t4DyBPPNwJ,naagalaflarxus
fQStFf0Axy,alexanderholder
6qLodnlyXV,bobbiedraper
5xcUlN_WJJ,jimholden
wKvZdAJtu6,clarissamiddleton
ceBqo5nGF3,christianduker
wqTqMo3igC,annakimball
a_1mWdBJCJ,marcusdavis
7Bt170w6aZ,klaesdibbets
HAS-wLzgJA,alexandermaas
qgMpDaDJW_,naominaegle
qHNWT9DhhD,christiandukes
bJafpvw4sy,marcuscant
ZprfuMD86C,annakeller
uEopLCaoIF,tomjones
0L3GEPiAU0,anders_sorrent-gonzalez
iAOzxYt9cC,peter_kuznetsov
K4yItLHraZ,anders_sorrent-paulsen
tpz6GuMr_b,duncan_mclaren
dUc2bd6f0J,maggie_gennaro
xLgvEERwOr,anders_paxton
-puH4pAIA3,amos
ZvRePKToYt,naomi
wRN88e5I8m,alex
3ppf5UsfUi,bobbie
bj6WgO2sJw,jim
yHkLqNdEAV,clarissa
WVTup-ypNL,prax
Il_3VGUg76,chrisjen
q6U-R7TtXh,filip
z6yAMtpoBg,holden
-rcQwymzAd,naomnagata
XY8S17VX1F,alexkamal
FOVETw6iyP,clarissamao
87yTdBctnR,praxidaho
MuJwa3thvE,elviokoye
onyGJ2i9UJ,chrisjenavasarala
wj6ChIllDI,holdeninaros
0X4dghtzaR,miller_evans
M6Zy4kXvsF,naominnagata
GaNEEIVjep,cotyar
8ofOn22EZh,praxidikemeng
W3CIaTlhfF,filipinaros
hVVXmLqr2r,naominagata
tnR0_z75GK,praxidikemao
CtgIr1kquE,josephusmiller
VLmAa8QGen,drake_miller
zb2bvc0duD,julina_szilard
d7vXlaztBH,anders_paetzel
xXb3LA7Hd0,anders_sorrent-Garcia
tVVAnBTHk6,robert_dubois
Yw02fIeWzz,pierre_massot
e9DX3MUblP,robert_lacroix
QgXPJRGGMa,susan_johansen
XDvJ2Lo5Oq,aldo_pascal
kWtyVu9l14,robert_duarte
GI1vuknyaT,anders_sorrent-giles
Dde_LjnKM1,davids_draper
k4_rwOZaRv,draper_havel
Mqm4Q6Vs9H,anders_paaeton
kjtF-NtMXp,draper_family
-iVm8eoNCx,ma_holden
-dDk0EJLC4,milo_miller
3H2vlkrPK8,peter_sorrentino
ntkB_U-zMQ,david_draper
T99w2ia-bO,aldo_hess
Le94YUejvd,maia_lopez
YY3bRr10Em,amos_buckner
UfqLAbDOdm,julina_murray
g8LNb1AUZV,clarissa_middleton
GsbAJEJ2hA,sandrine_grant
C4rgcrgMAr,bobbigelow
-a3gJyCpjy,johndoe
Z4T42n-Aat,miller
wh0KnVxb_S,josephus
EfNbj-xLia,baldwin
i470HUvutE,murphy
hvbovJ-A5X,julinchamberlain
vbSomFAlcD,anders_waerner
7_dX98Mn7Y,julie_morgenstern
zLo26uD_l0,joseph_miller
e2XlokqR8B,julinchakrabarti
h-tggedQSc,julinchao
xNJAN_we79,baldwin_moss
O-ynV50AGA,aldo
m40rFMluyF,naagalaflarx
so95sKA14X,johndocmartin
rYytqlEiGR,praxiddon
BH28IoDIQQ,murtrydavies
PvXVj8xsFS,pittsburg
JBQuZ3cPBg,draper
Q2vk7JFnl2,anders_paetznik
wERl3_ssaU,anders_solaris
Dqs0wOogFq,aldo_adams
g5hSwrdNwn,amelia_miller
u7C6Fz0Hr9,amanda_miller
1lcU7ltYtd,julina_saxa
ZVezbdVX_0,anders_sorrentino
IA9gRlny6f,julie_mao
qlsp27LQzd,baldwin_josephus
NtHJlfedvX,alex_vogel
f821CeBtI8,shed_garvey
IUALzuyc4j,pete_gunter
sqDCnz8n3m,amos_nathaniel
0fr2e3e5Es,david_dawes
LCaGiBqc5m,michael_holden
aqFCLwyNQ4,miller_hughes
tYXV9mhY53,bob_patterson
OzrNJ8GyDL,bob_johansen
-WQgmAQzl8,anders_sorrent-gillis
t8z6btqhtP,anders_sawicki
Ud1dqBAVv5,klaes
MuMv-peb47,julinchack
_Z_bl_FXNT,bull
-0HQHiu83l,carter
xDEK6rYBFm,pella
OPGiCve3BF,anders_sen
Um5EiQK0SJ,clarissa_mungo
PEBz1wJug2,baxter
fX_JvvmMAG,anders
5x3iBNm_cl,marlowe_davis
Tr8xYI0U68,julina_susan
mXHmebsREG,julina_saviz
IaaJeKCwdD,baldwin_abramowitz
jX2d8p_QNU,amos_miller
3r6XKFbTbD,jimmy_holden
1ZBbkFDFEU,alex_kamal
cNv6ijj-oR,melba_kane
QlKzmLLYJE,chrisjen_avisarala
bL6lC8AGHk,baldwin_abram
RdWWC_1fq3,miller_havel
S_9JtqKH2u,naominaager
d0Ps1M6NZ2,bullbutcher
K9ZLMBSvhe,prax_meng
1xuSoLl1t4,adam_strang
xAqvQOJQ_Q,holden_inhabitor
oth9XUP7HP,miller_hologram
bgBaMK4jpb,alex_lambert
tsdKrNmQwY,amadar
cf_nJtQ9Bi,maya_anderson
Gy_iZ3QZLw,johansen
9BfYOIh1S9,amadin
kc7erPz0Th,tillman
h9UIx_aQ82,duncan_mccormack
n3oOY4LqyJ,cara_miller
povB_ryEPL,maggie_gentry
kcLKkGPiuF,amelia_marsch
8Vkju_x5_g,felicia_johansen
i10irCAbwQ,bull_butterworth
kO-qex3zTN,carl_tuttle
a3YF2_teom,joe_miller
X37IrQBbfH,maya_anders
MBwfacllM9,sandrine_macdougall
sXCdKmChh1,julina_savizki
LZ4RTU0IsE,pittsburg_joseph
9HIYi1-soc,karl
ERdCv4UhWO,adara_miller
1E5sm_Fd7h,julina_lopez
mp_RmZlgld,sandrabohr
mcvZcPnpbd,joemiller
uVLFAeI3si,bobthebuilder
onmiiRB3H4,engineerjim
6sCSGWPr_y,captainmiller
FUo1jogRph,mechanicbob
bRDB3oRfHC,adolphus_miller
vOEi2Zau-G,marlow_barnes
oUXkiP3h-z,julina_szymanski
qXfbak5j0o,milo_penn
4TQxuoBr6r,anders_sorrent-gilly
hRwmBd7Gn0,draper_miller
RMlzuETk-y,sorrento_doyle
6EM3PujlHD,anders_paahlson
26i6UHeQUJ,miller_draper
_ENeiN_6hS,doyle_sorrento
JMoJ5Fae5w,amadis_madeniel
vefTp_wn-Z,aldo_paz
HkT1uDT-el,mari_lopez
VRenBmFruJ,holden_miller
MFkwdHGt4Z,baldwin_abrams
2i5uiOBkN_,holden_rhodes
SBgIzKLCnw,marcus_inaros
i7tL7bozNn,tilly_lasker
hLYbVxR3MN,holden_draper
rrN1cdF6ha,sandrapark
MsHcPx6jq_,tom_jones
d3fhmvoj_h,pete_kanos
koKhZjzTTr,draper_holden
P_TUtOg9WF,dr_miller
C3zs0f6piH,nadia_pella
WKDrq50XNS,amossynth
JigAtkZJs0,bobthebelter
ff05KRys3F,ana
C98gvMc7iV,alicia_miller
I-HsQlNaOQ,peter_quinn
F0Ykfwpcf5,amos_buck
hLoHyH_pAr,bob_johnson
tCB969FHRv,bellamy_buck
xHTwJK8UhJ,draper_haveland
DFmdCzIdfW,beltalowda
lavl4XUUwn,amelia_maddox
egzn9eeVG9,johndoor
bo5XTLkJms,naomi nagata
SErorLsoyW,josephus miller
vJaLgBAE6k,jim holden
-tAk3onvz3,bobbie draper
3py2QUf3Tl,peter quinn
F59-TZHlH3,julina aziz
hsZUm10HKM,duncan_maksimovic
FFzPPoiHC7,elias_vyrous
azgbjtX1Sh,dmitri_havel
E5Klhn5C-n,juliette_mao
Er97SHu3Wg,anna_kelly
7104G0yy37,julie_massey
50Q2IEguk8,anna_kali
7Pxjw_yD6A,alice_duarte
VcsOBAza3m,julina_saxxon
tawfSiu6HW,marlow_cadell
QeUhN5WAqS,anders_paetty
cE_4XU-ESH,anna_keller
9GjF2sxRRd,baldwin_jacobi
8vMA7nONRZ,miller_murray
ooIMtT1QuA,melba_kemper
R1izOiuhxH,julinchakrabarty
MGt7PP-DI1,miller_rojapilai
QuGn2CRJQo,tellico_merrin
Z1hIVxAOYw,michael_rosenfeld
h4_3yLE2wq,shed
JAjAeNPhbk,peter_sorrento
nOZxkZsseX,adrian_miller
bG-Rcu4dEg,amos_synn
JkY8p1VHR1,sandrabaker
YWbO5bWeoC,alan_strickland
R8RlE8032u,milton_friedlander
R_ykcsGxrJ,alex_lowe
lCs2EimHbi,tom_jurgen
uPtgp-YxEs,johansen_miller
cnuzy_OYfv,mitch_koenig
yqumB6tgV-,susan_marco
-BjGacf1eX,robert_draper
nTYx5ss2io,melba_kohle
U7fFInhOl7,baldwin_jacobsen
xtlNUbrX20,pittsburg_joe
aY_gZyvIDl,melba_kohlen
TnElhZTFlv,sysadmin
MpyW3HB2lE,james
Z00xwREEK9,miller_miller
kn-GZ2BnOq,alice
9hyW33I8Mu,chrisjen_terry
xNgMgWofUi,amelia_marschall
GHf72GQLuI,miller_anders
qJbb_BYUfl,kato
EmrOvUS1_P,paul
lJi4Vf8bbL,ashford
orvyL4LmLP,mulligan
2y2MfrHH5b,sanders
Y9vvF6KTf7,anderson
jOWuxA8MdQ,foster
tk_iUBVTjn,baldwin_jacob
chmdv0H7dg,miller_roj
IO3aYLvmkT,miller_amos
ZcWu9X015x,shepherd
nau8dI0jWF,julina_miller
g0TqfdIssf,johndrake
PWeYyiUHEq,amadria
affR5R19j9,amal_rikardee
aCifeu8aaO,michael_adams
9axaOvD5f6,peter_anderson
p34LWF_uRQ,julia_miller
F6wFJSmi5-,carl
MkDRH2NdCD,bobsmith
ZPonYzolCB,jamesanderson
Zwyd-nwfNo,james holden
YbPN_00hR7,aldo adams
N5Z-bwXHuE,julie mao
XFncfAm1jj,tom_janicek
6K6LDyMJgM,wu_dog
h57kv3y5Mf,mitch_koon
CHB3fR1S2a,jamesholden
5emzRyq2Kb,aldo_perrin
Cd4IcNIPTo,ashford_ramirez
cnce5unSKL,milton_friedman
xZ4TgOxYge,bullock
FZx9hkoyJc,marlow_robbins
q8vWKtxYct,Alexander_Miller
ASqAjGihFW,jose_marquez
qqI3YO2ZSQ,walter_cain
5Cjx3C7kSq,amysyn
58-PwTqJis,ameliaMiller
69NxqOIs4E,josephusMiller
SK538W5Ytf,anders_paetznick
SeDr3h0PLm,alex_lamelas
Ub7nfvRqrJ,juliette_andromeda
YEYLoI4OHM,amos_buckholder
8_kAD2RpGz,praxidike_moss
yVaDjCoSZN,bella_foster
15h_lh6uUQ,alice doyle
nSbJtFleoc,chrisjen avasarala
tjOKaVWF_k,amadin_miller
5ixqzDpMn2,julina_lowe
B70fwamtMm,naomimiller
DShQuXlEPW,alexlevinson
nFbyjHi6oo,ana_sorrento
rxii3wlfDj,miller_marius
tT8W5r7ttl,alex_mamitakis
WAbRKkpJAl,melissa_miller
rez_R-SOXQ,marcus_usner
rAakwpXJTr,prax_mishana
EQkt6cUBl2,carpenter
mYxIIld6lz,josephus_miller_alt
9-irOsjCP0,maggie_sawochka
r4hVdVAE8Q,duncan_makani
VEzTS4pUOA,mei_meng_deng
8K8WN5m7OT,amos_syn
y8AmpFDTYR,amelia_marsden
ddbnw7A9S3,robert_lobo
wMr31ywzk0,josephus_thaddeus
1bvoqRlBiI,naominarasimov
QCjwc6HimE,paul_tycho
GL5HrYC2ce,draper_bobbie
cKQqtOZ286,sandraparker
8nubYdqerf,sandrine_dubois
aFsL9-41cd,mechanicmaggie
cyeKyxryNJ,electricianed
D_t4NAewKQ,welderwilly
0IcRLe_9n3,inspectorianna
ig7qEIYlS3,captainamos
cbfUrALv--,commandernaomi
5U2sECExwh,marlowe_dubois
OBOEU_R0O0,anders_sawyer
wyhAnZF4BI,sandrapooh
-r3zfBIHpt,telloc_barnhart
41QsYGuyVH,valerie_mullen
el-P3c8v0m,sandraprather
eWJVxz75SD,amelia_mao
nnIv6wVDp5,anna_volovodov
-qU1WBGcba,drummer
V9xY5eQUET,carlstrickland
O0ZjRM1Rfh,walter_gusmán
Xng31yX-7a,elvi_diaz
R_RDqqEKAK,alara
J4VlTQ-Zxs,mari
elhHz0u_g8,robert_baldwin
lyB_h9Kw5q,walter_gusmank
KYVXuJ3Hn0,julianne_moseley
kbjqFwPAMr,anders_sorrent-graf
0QvV-fN7cF,julina_sawyer
8DpTgnvTxp,elvi_draper
sYSum4Tm87,mimi
80jUCGcLOF,naagia
87GyNadN46,alexanderholden
M7m2haFdJ5,bobbiedrake
3-WBh2UtET,millerholden
m-_ccI19o4,murphymiller
9BjPHmH3LQ,alex_lam
8bMiI6oEik,chris_jenkins
9JFekPKyHk,default_user
GSLEzcLc_9,bullhalsey
X6npgf61RC,holdenradch
RhWJofhPJI,drake_radcliffe
kiRdObjqWv,alice_ducker
qW8-fclfhh,robert_drexler
mZ7O2a4PLb,susan_marlowe
wbuYcj-P7t,thomas_kasabi
QCBZ6eI1y-,dr_umman_zadah
_tmn8AuNun,mari_inaros
df8BW161sN,duncan_miller
_QxHScrS5R,sarahjones
q-_SiAfth9,jimwatson
itUpreaVAe,amandabrown
1kJJWpObji,markthompson
jbS9G1O2Em,emilydavis
hCF9rVCdK8,michaeljohnson
dvd8_HskEG,jenniferkeller
Aev5eAzvO2,miller_moe
hoeffyjXgw,amysanders
MtsIoFt7T3,chrisjenters
HpU51JTqfE,julinaroslin
csBM4z4mJv,josephus_miller_clone
0ClGUhuFIF,james_holden_clone
zClnZ6sNNb,naomi Nagata
5Y5RGLwUoj,alexanderkamal
vhm9R4PxZN,praxiddiniz
o1zP8E06dg,bobbieducker
7iLT1i_U0M,julinchang
qMwNjipjWU,michael_tynes
9old2uj1tn,dottie_anderson
dNHc7YS0sl,prax_mao
Rybi1xGVL_,holden_adama
og9fU8ajDX,johndavies
bTZDSzEYrT,draper_foster
lxmmCtWdLK,albert_rodriguez
bpg44zhagq,james_holder
90Fq_jkDDa,bob_pell
vHhFYw_qXp,bobbie_ducker
FpKfkJJbER,anita_dresden
yTCEf7p1V4,dr_praxidike_mishana
7mWfVFuj0M,na Nagata
8c9RJY-Fo7,melbafrost
rLFePmf1VF,bullhugh
WL0PipbXU1,amos_synth
lv6dsAB9du,felicia_jones
IeZx-SQHg7,sadavir_adar
wCPb9MSZuM,joshuaholden
cd08wpsazi,naagata
1ScA4iWA2Z,ashford_miller
-KX6PV7n0B,naagai
2JXfG-PG4n,miller_family
2ZWJ8con1s,carlos_del_sol
Ewt2ovd0xx,miller_baldwin
ThGqtWHix4,susan_montoya
4VJUxDjpUc,davina_pancerat
-9ersI5q2i,marlene_tynion
_Virrnm-HW,murtry
6jUM6vooPf,pete_kanarakis
7tyXuZTOjp,susan
opz0oeZ1l1,maggie
M67e8Px5tX,peter
hOp3XMbipb,joe
umkt0lC4Nj,chris
2HnRWxpI0Z,pietro_kuznetsov
nkzpkoPKqL,fredjohnson
MB4UcqybYB,adam_brookner
9RK227Vaov,maya_ford
NCrExA_wpr,sandrapoem
oj1OBl88hH,amelia
IZinPxVkMs,bullhargrove
2uQEsCE0g0,johnsonmorgan
KQiLt6hHpD,cotyarbelter
WcrICFgR_U,mei_meng
y-rorXYF1n,marlow_cabot
4IdBl9OTuN,julie
nwvlMj3jJW,carlos
c1ITPvGSAD,sandrine
3GlOZq8LRd,johansen_lukas
yjSudPF6xC,melba_koh
7IQV5zrUXw,draper_felix
Zcb_Z4GC3P,miller_henri
rqcEiaZp9B,murphy_michael
AtDPUor8LA,tillerman_paul
BOkwMkE_hU,robert_louis_duncan
b8W2G4JHVP,johanssenamad
eKRFrNaPYs,drummerboy123
8BF2mdOa29,navigator_bob
DUayhhITL4,engineer_jim
_rOp9sda7t,captain_bauer
0iYQk5GY5E,medical_mari
p7MnePQ8Aw,pilot_amos
Ht929is0oC,xo_bell
qheIioU9Oc,lieutenant_drake
V2T5RcRuJy,commander_holden
4fs_vL3ZVx,johansson_miller
3-xaSoidpQ,drummer_klaes
GSuqqJto06,amysander
I50RntXlQ4,bobjohnson
SRI5ZINmFD,julinaroyce
ShgotDNp8z,carltuttle
4DGwmUicoR,robert_louis
3W5vZINOqF,bobbieduker
QW8OKpXX48,daviddraper
mv02cUIP0y,alexander_miller
0jjd87x94a,anna_venezia
gJjK6mWgwn,sophie_carter
aWOvUN8tb9,joseph
3zd0bY0YtS,maya_andrejeva
9b6iWhiZJC,mark
zW9x7DWhmh,lucy
CuJ88Avs1X,tom
EHCd2ToZ6S,jamesa
nEKpSKqEM0,jimmy
JwBLZitJ21,david
ZcFanTFmw3,carlottamohr
MXrMkMHgIq,annajohanssen
tRuaGt5iX1,chris_jenner
LhHCh8is-Q,anna
tUIMOQnGRg,paul_musgrave
KLAsgPGIOT,alan_sinclair
5AsXA2KsCB,robert_duncan
r9i6m5sfuI,AmosBurton
1KTOEEWvSM,DrMiller
n1uhejlQ_H,NaomiNagata
53GNTANyK9,AlexanderHolden
sFg5whrpcU,JosephMiller
vP5yyZNbRp,BobbieDraper
aUUb5rPCeB,JamesHolden
0wQw30oPO7,ChrisjenAvasarala
Kgeg8PICmU,AnnaKeller
2LSzuLH47w,ClarissaMao
zp19gTXBNI,naomianagata
6uySmNVtrv,cotyarbelters
uaS4uCyA4o,AlexanderMason
DnCLd-zNK1,ChrisClarke
Qb7oakjTG5,SusanMarco
gw-3MmdzIO,MarcusInaros
kgsm-wB42N,amandaradcliffe
vlvZtpnF53,susanwu
eqpLuWeZUF,markjones
lact0eQikm,jenniferk
b3yu42DPhn,mikelee
lObBUIpqwv,lucychen
jTru1DJYUs,tomharris
fIqhFF_UsN,sanderson
cy8uesLdN-,amandabernard
CAKc7SmQwx,josephmiller
8G5KYAwoNU,sarahjohnson
wJHGOUsFAc,mikejones
awXU8PUzHx,jenniferkim
2LDgjIrlpE,markwilson
miZKL2Wreg,lucybrown
8B1U1kjrwr,emilygreen
FYFRx7nsRw,jamesadams
NdC9v22Nuw,juliasaull
rBkAD1yrWx,amandajones
l0gSHaWkMb,mikebrown
cFmtOfKiDu,jenniferlee
45mfm0IH0j,emilyanderson
9kmEFA7tXl,jamesclark
X-K-e6CTN0,oliviapatterson
-CAx59g35K,robert_bunker
mjARR-lETG,sybill_tai
RozXMzAIge,wu_duncan
CiqiveS_vY,baldwin_brothers
5_grSCVYwN,belters_union
2k1K53rhra,earth_gov
cmllJSOBaG,adria_miller
jQ_nLSem7g,johanssen
EKPhbcv0YC,amandaburnham
DCdp2p0u4z,marko
kqfiDqFr3L,mike
ZO3zxSYaCP,emily
oPC9zXVsnB,olivia
ZpAmugIfEt,robin
a_tcHrFx9f,tucker
5Vs0egT9Iv,valera
tc5qkSIZ9J,wu
-lz6-tcD6I,johansson
kdJVRMQiS6,melba
bTcRoQwTTy,navitap
zFfwlm1JlZ,drummerboy
cvkvuin_o4,protomolecule
ZLK0bL1Eee,amandarice
1MpedHYUC0,alex kamal
53uMChdP0S,chrisjen tariq
JV3mftnKWy,clarissa mao
qNLEWOCCiY,amadocain
3uooITiKc9,navvyn
PU763VLldg,roj
jW1mfnerck,tilly
1HOZWh5X9T,sandrine_paulsen
FqUkT-Nm9O,julina_saxon
FVUt-9o5oQ,pete_the_healer
kpvQhPHOSc,baldwin_brotherhood
WcybCvEKT9,millerroj
ryqn9YXfeM,alexanderadams
uW2fRBQpTx,praxiddinizhu
YNoWT19FgF,michiohara
DuJOQO01cd,chrisjen_ados
cwr9D79LAd,anders_paerow
0HwmVyAn5w,draper_family_fortune
q5vyQrYY57,clarissa_munro
2ZntMqoJWG,anders_knave
dhHgiU034l,bobthemariner
NFMMdoY_UV,alice dyer
oyeexpDT18,prax idaho
8Mn3xXeAy9,miller rojaputra
WU2swNoZD-,elio_voss-strada
e83d5GCZZQ,praxide_moss
TW14Dx_QBx,anders_sorrent-Garner
jj1ZCOhWSi,miller_hobbs
3U3gRZIh1J,adam_dawes
pRtN70zyga,adams_carter
Jupl9w_ATw,draper_fordham
M-2WWmrXbR,ashford_hamilton
lhOSrQOd7-,bellamy_bubba
-vVNe8Sd5q,amadira
wsQahRgyb9,josephus_milian
ksKqO-Z9UR,engineer_bob
6uuRAlsDgN,navigator_amelia
FZ4aGS43qS,mechanic_jim
clQojAuChm,engineer_susan
2Iyzx8Cpaw,captain_holden
men4sEYu-Q,magnus_saull
MM95vW0uoe,milo
-ls-02A-mj,caral_sunkenmead
GD-KbVwHes,sandrabenedict
-hmo7JxRdK,felicia_johanssen
wTGr9RoWKL,mars_in_july
oJ8aZw6jo8,anders_paull
_0ojBz7ZnY,bellamys_butler
fGoAhpVllN,marlowe_barnabas
7t3drMllwJ,duncan_maksimovich
8junyj5iVw,baldwin_family
oUqwWNgo_o,jimmyholden
gfZmILMld_,melbawinter
5csp7dHiwn,caraburnham
_vODICllCI,annamiller
cICmLrDVYg,draperhavel
1EC5UckhrH,bobbiefoster
PsHT88cQcE,julinch_jackson
W_QA0otcmn,bob
H4-G6Hm9Qg,karl_johansen
gpASazjzDU,draperhills
iW5pmbcO1m,sadie_tanaka
a1tGFMbYqz,thomas_sabo
jisXVsbtzm,melba_kwa
JPn3najz9Z,johndorrington
U5FylE5YP-,paulmiller
0c5bPrc82I,pella_tycho
emucCbs_TA,miller_helen
Va0r2XJNH9,baldwin_joseph
pod90UVcgW,frank_adams
11AsxYY8gN,gina_miller
BguqH9wkIa,pitts
r3WCNrKADU,draper_henri
Bb6AazSZCR,marlowe_duncan
0JRtvgb7GX,naomimnagata
rxAoxqu3GW,juliana_tann
mhGIQfCykN,pitt_bodnar
rJ6AqES7VA,chris_jen
xhipEyBSLS,maia_larkowski
YhkvtVMUzn,havelock_hoh
2xXC6ox-mg,julie_masse
gsdZ2vwKc4,dr_ummanzur_rachman
4FRjSQNmE0,amandarandle
yyaMxz96cw,juliasaward
vAkf3Frc97,praxidike_moseley
F8D1K4SzmW,elvi_okoye
6JNuZX74JD,maya_lavelle
uPni96wFKs,chrisjen_avis
AzyZ8oUak1,miller_bobbie
pYgE2QUZOF,Dr_Miller
fU637AjP7F,Amos_Burton
aUjoR6Rkp9,Alex_Vasquez
9phea2ojyH,Naomi_Nagata
byA6cHNpCh,Josephus_Miller
mPqUjHwy_D,Bobbie_Draper
0575mP2nTn,James_Holden
gh4g9jpevQ,Chrisjen_Avasarala
FloNS5IknT,Clarissa_Mao
0u3h1XKrO_,amadin_duarte
SPbvAuERHs,johansenamad
9TRFjd040q,drummerboy12
hSzc39VEwO,fab_geek
W9x_nJIBG9,coating_guru
VDnxhww7A1,composite_queen
oz_ibK-6xS,metallurgist
eOLwCHDKl6,welding_wizard
iMAN3pKKyx,surface_specialist
scxcdcBxj8,AlexanderSadler
02ltCoJPhg,RobertBunker
K_LJkCw-na,MelbaKowalski
qeFUhmf44W,PaoloChen
JThgSdXLIL,AdamSanders
nUFKE7Bqe0,baldwin_abraham
OknPeBUuT0,robert_lowe
Mk_p0CnVfS,ma_mao
A_b1Vdcan1,chrisjen_aserat
4TGdxZdEbU,JosephusMiller
HI62PMIRIW,RobertBellafonte
EgxfFvrrFi,MelbaKowalczak
tV75KMAOTf,elio_valleri
oOVvZozrH5,avasarala
J14Wso_ITs,bungolan
zNK_vGnAJt,team_decision
j2SzqjNkAb,amandaradcliff
iVp-m2A6Fy,emilyjones
CVRrvbsVYJ,ameliaholder
Y1-8Wmjbks,roj_cooper
lHTlC3oNgh,michio_makimura
Ria_Yj9Mhr,marcus
aFqyoopo2b,maya_andrade
MXZI0Scmz6,anders_sandrew
EgNFYy7Bn1,julianna_murphy
vJRZKHlVkq,amadocaine
X6IiVKMKFG,engineerbob
h6DsdJD3ux,navigatorpaul
J2UW43a9q9,mechanicjim
qjSwDq7LtZ,sysadminlucy
t4L0KyaU4n,pavel_tycho
kMC09Pb_oR,draper_amos
GkC_TxLByp,amelia_mills
kCYGm-ka7a,telloc
jYN_rqR1XU,silo13
bPyJIl0kTJ,carl_baldwin
Jz6RuxhZ2w,sandrine_paul
o0ExPfAxmQ,amossynner
istgKVISvX,davids_pastor
n4AyxiPEqH,praxiddin
DbXlDhA7bC,magnus_saafari
vTfJGM8UE5,robert_dunn
_pihIrbI8a,miller_heinlein
nY2uNGs3_O,joseph_adams
Vnavvq7ujz,drummondtuttle
64pLtyAFfQ,alexanderkasser
8djH18UP-U,penn
NBOQ0T3uli,johansen_bob
S2EMJFp-mE,amos_baldwin
nk0iKWNqEk,miller_joseph
-7lgJ6qOmO,tillerman_susan
mkxmR9kqgR,holden_jim
vIFoCUc8NY,bell_marlow
d03hQmfbvw,murphy_clarissa
ECnMKik8fT,bauer_helen
UPHkoi5v7b,klaes_andreas
S8uFXbGObq,robert_dreyfus
6EPwYyJHrc,dr_majo
k-XEY1G4hW,amandawakefield
D5Wf_kL-ch,annavolovodov
Pa__uY8cJw,vasarala
vh86Jpu9Ee,melbakohan
xlpj9QnQQ5,julianna_belter
-kA0cLe-Fx,robert_geislar
1rBoEhgUC9,naominarasim
C1R7V7R6gb,peter_krause
36KbE4N3Km,sally_moss
XfwO3Pe4tT,tom_wambsgans
iFPC0q4Q1Q,melba_kowalski
6HgfQ0_A_J,michael_rosen
Yg5YTO0Ku_,michael_rosenthal
8lrq2lXghO,anders_oslo
y03GpKM_9J,dr_praxidike_meng
b6qDvrehSO,johnsadler
l1YKLSt2_b,bobtheengineer
lX9BYhNHUR,navigatorjoe
kRb1WhG5OW,engineeranna
Er4ChMNo4p,pilotmiller
9_hdyTWwsI,electricaljim
OPzWLjeFuX,softwaresam
Wuj_TooeYa,anders_sabat
3nx8iVmD6b,johansen_lacroix
Dbi_kMpKQV,robin_dresden
FKsrh_ksXJ,AlexLam
-5qg7RzN5X,MelbaFoster
Tlv7NCodUK,马修·卢克
JMEwXq44KI,tellico
Iq4D1EJ2bD,maggieanders
FTkOwpay0Z,sophiakowalski
pGAQ7fu9x7,baldwinabram
6ZkFCEJxaa,maggie_andoh
TnfXi8kHYM,adam_strange
t0CfpPWmbI,dr_ummanzur
ibKXIeZkqm,nagata_naomi
EXdfEOctoa,milo_mauros
UP6iNPgN4o,ameliaMao
-bIiKpncDR,johndrummer
aMr5QZBniU,praxidike
pq7szAgOha,molly_cobb
g49NoLfayN,anitadefreitas
IkZ4A0rKUi,marlowe_budd
8dBD324JJX,duncan_idaho
X6x_3pQVe8,marlow_cadogan
cEMcsGzjgP,sandrine_forterre
FgOK1vhXOT,andre_davies
WRIMScvGJo,miller_havelaar
Ak9fhTj2Hh,sandrine_farrell
UDVAG3ezPp,melba_kohlemahl
VBJ8enwakw,elvi_quan
27rAzxqa0k,alan_sawyer
n1bGrKGnJT,paul_murphy
BtKEnLC_AS,marlow_carter
JAhTUDaju1,robert_duval
Q2vj3nyfsY,drmao
NJ1jT0glGP,sandrine_pierce
IeceG2OE0y,walter_gushee
bM62OPIjku,julie_mando
2Sae7AdyXA,cara
0T5wyYd8qo,pascal
AilNk2z0bW,shedger
77G9Fo0ByL,peter_krauss
dk2PGFQDRf,miller_hugo
M8tAj7eByN,julian_jacobs
RZY04yvwOm,aldoadams
Zgjq7e3pPd,michiopa
iwdvYRImn4,klaesashford
PTtnw_XJ5T,andreabaker
QZnQUS77kC,andre_miller
01iK-I-LMk,melba_koho
V9efqFpsGP,mars_inaros
uuhmPaQ9Z3,miller_rosenfeld
UlZItL9MZb,till_ebbers
35hllQAnPK,dr_umma_nazi
RGdNZvk-Pt,adam_dresser
vefsOBWNKx,julina_sax
8BfdMKD7J8,bull_butcher
C3D_k-lA6s,JamesSadavir
lKuuIQsPyH,GabrielLawrence
OLBpxVeM8n,AlexanderMiller
kG61Qs8Eyb,AnnaKali
DB6vGFefv7,pittsburg_bob
rfScEYlzRM,johndaviesjunior
6MZLHqADP-,davids
oDsWgex6Z4,susan_jansen
SjAHdk3Nxb,amos_synetech
kcCntJjfEd,andre_blake
HmGkzG5-Sx,amos_belt
MmXU-m_EkV,praxmeng
pp5ND8yWUv,holdenradchill
9V0pRE5GqJ,naominaru
pABKSqXL7O,juliemao
B1oAqOgklL,jim-holden
3Bs9qYm3Zt,jim_baldwin
G3Mjl3SsKn,alex-kamal
YSHuXUbJQO,bobbie-draper
8LOUmM8VuE,bobbie.draper
GrqqC_FkQ1,carlos-delgado
GTWIyBUm4x,shed-garvey
tVizwSoQwg,anna-kali
u18yKJgi64,saul_tamariz
NATHTUOx__,sandrine-faber
iGwv0Xdlv9,draper_farnese
I7F_J3U5Vv,chrisjen-avasarala
28nWoh0syF,melba-kohlenberg
_rWLcqtaGS,klaes-ashford
9uxjljklQ6,drummer-agatha
uniZFW3k5J,sandrine_porter
9tljkQXErs,sandra_holden
eR6IwYgWmQ,dr_ummanzur_rachid
5mkuyaiksa,anna_vosk
C5nAwhJXYK,Alex Kamal
V57wnMsmSM,Josephus Miller
kkhiVnchfZ,Chrisjen Avasarala
sdLXBvxicy,Clarissa Mao
rCkY7cpQku,Dimitri Andropov
gxJmAIbYxi,johansenamadar
iWIh5B_3IX,dr_mari_takai
Oba2Q0uNCc,baldwin_nara
QAzhGpWPT3,anders_paetzelos
cZt2vb2eGp,till_tepotzlan
H3mLJScUVn,wu_jian
WC4Fft5MNY,naotocin
3Zu1dEiX0r,davidsanders
r4ia-_no34,peter kuznetsov
hKS3dEti16,adam_brody
_CUpCt9-Gm,amelia_marsdin
OV_OtuYGgv,peter_durante
Z28ogxJQYc,naominarah
Fcs5n3Zm03,praxmao
PeOS8zQ05f,murphy_miller
RSBc3WwJPd,bull_holden
_61YOJTHrE,miller_amelia
539kzfenQ8,jim_bullock
sT5zDQvrEn,sandrabohdsen
NELZcvoMOA,dr_ummanak
K-HFG7_AtV,peter_pan
ER95bqc3Gi,jim_buck
wO5tBdYq9V,takeshi_kobayashi
zAODaQowCz,davina_pappas
3HlKrTOWj8,marlen_drayco
ZJMaq_gtMo,adam_solaris
7y08lYsLAy,adam_davis
880H32N1SQ,pete_canerman
A-bF_eXvJd,mitch_cooper
nWN5EvRhRd,pietro_durante
YIFFZBw7EV,albert
X9wd9L5lVW,juliette
UUpnroNPA0,naaguntaroa
iiNYZLSbsE,holdenrhodes
-iYKzl3FfO,paolomao
tyi5TEIyez,draper_paz
00Mmymd0XL,praxidika_agathos
OLPFB8GilP,filip_inaros
0FC1lMjdUm,elvi.quan
O5gWYsMrUq,drquan
aIAqO30Zw9,amos_draper
MO2txVVFAb,maggie_anderson
07xrBQU0IQ,susan_baker
FhuJhTEyXe,mike_miller
dGahvziyW_,naominaagata
WnbnnVv0WQ,bellamy
IaY4OZUgDq,pete_sorrento
mHFHQzWLqe,clarissa_ma
Xaw7VisPzJ,draper_papa
RiOvTixNRJ,magnus_robin
ODwAT3HvLh,chrisjenholden
T_-rD_GJmw,bobbieDraper
nDpy8yi9ne,aldoNovak
ljIIQZbcE3,andersSandhof
sk-4c8Pk8W,millerFarnham
qL5xyzFszz,p Praxidike
C6fdSaW61B,amosBurton
hMwNGKDo8Q,jimHolden
tAPd8F4Xbq,alexLambert
LaUxE0eHvE,juliette_andersen
tVL4vLThJh,naagair
rKGqbzQ4XV,maya_Davies
0evYqyfeY4,bob_fuschi
WJbUqW_HXW,team
i4zZEoFJiV,miller_robert
poXJf75ozo,anders_sandhu
VFjthXMSgm,bell
Z4uQpPRAK9,rocinanteengineeringteam
ktdh6Clw-C,anders_paulsen
5aWDxF6Zo5,astrojane
BtvvLw7Ueg,draper_finn
MsbtHJcqem,amal_rikar
pom3W2Ndg2,valera_miller
cL6yYGPIPB,elvi_marco
DUT188du-k,praxagatha
JcG_FAruJ8,felicia_joseph
s5R_1es805,susan_jacobs
dJBTd_hOAH,magnus_saafir
5hdF3__o2c,elio_valler
Z1239VZXtB,jack_london
Y9GCh2IwqI,mark_twain
el7CYv4SAX,navitabell
J23xjPJwZE,joe_robin
4uSNpg_woB,shelley_draper
SMOtEAbK3d,jane_doe
dzbh1JE3TQ,baldwin_amos
O08NPy8JHf,duncan_makanji
uogy4L0giS,anders_sorrent-Graf
7C15xYBp8c,captainholder
AytTq0jRIy,engineerjones
O0RRzLAJyq,commanderbaker
-QPeSV72HT,julina
_Zlx6s-s26,amossynn
pRGLBqBR8C,josephine
m0aL5V9U0R,Alex
gTGSaOfwHp,Anna
Bh2LIyZC0i,Amelia
5RRPnWECss,Andy
DmNrZulEkd,Bella
lQncwccsP7,Carla
-0hmbqG3sR,Chris
MyKL-AqV81,Diana
jtm8z_ed_n,amadin_adams
XRbZmnE_ou,Elena
zTm7eV8-Su,Felix
yIV3vFW2An,Gina
nMKIxiq8mM,Iris
8AqsksZ2pW,bobbie_marco
77NoOgnchk,davids_delerian
ICeh04nsZk,juliette_anders
eeBr-NJuRN,shedger_damico
R6nCX5IlKO,cara_bodie
FRxtQgV_G8,sandrine_fabiette
1uzf6CPWZI,michael
6EADfKTom3,sara
6Ele9-s1wp,helen
v2NNie9vjS,karen
oLP_zwyHX5,jameson
qZS5REtXxH,marco
UMIt3pqLi3,pavamishra
-VZn6WlPSy,chrisjen_a_vasser
_y9nak9xEx,prax_idaho
iSE9tXJ3w-,naagil
Pcbd-Rawpe,filipin
vsqpoc-FRR,karalduboisjacques
hgq4EygmUQ,anubis_josiah
GOpSKmh8fv,julianadrabble
hO2ic5p5yf,michioakari
93bBVB1VKw,praxidike_mao
WvP40MhGO_,bull_holder
s7vqajf46K,miller_james
tywkwcNEa3,JulietteAnderson
BrPduPlABP,josephus Miller
yFymRxrBoD,amos Burton
2F20L91Z8-,bobbie Draper
aWvF46bK_X,julina Lowe
TCrZNg8ik-,clarissa Mao
DQbTQFFrP8,prax Idaho
HwLo2a-Tkn,naomi.nagata
M82HDP443Z,clarissa.mao
JUKBDiktPs,jim.holden
PRS4XeUSoZ,aldo.adams
Rhvez7_6eG,james.holden
WOQ1twhtqS,bobmartin
4yQ8YJM7GO,jameswatson
x9XRrb_6Iu,lucyliu
b3XKiB9UFX,markkim
g0TUr7fOlk,emilychen
yuR0m-n-Oa,amadocarter
_dn3j9QJqr,Julinchau
FqeIzHoW4o,robert_geiss
SLguZdItJi,andersson
Xix7vTtiWS,draper_penn
REYpOx1I7M,tom_janovitz
DVfL79KsRp,susananders
vH6Vt4F-pY,jamesmiller
0urHXGfWL1,emilywatson
LKvI3iaYGn,lucybaker
Y-xjlhB7a_,michaelwhite
5zdqDq10eJ,adams_strickland
UDQIKWHFQx,naagala_rani
WOV-2sd_hO,Alex_Lambert
-GPWF3jrWB,melbafrobel
rQ02V9FF_I,draperhark
xBNDSdsuWG,naotomi
ISzBM7Q3Eo,draperhaveland
lNzSZgkvvr,beltrebel
4JH7nAJeDD,naominar
QiIb3V62Uf,annavolodov
jW7aZrVu5h,julietteandromeda
fsOiC7ukIv,amandaklein
XdFr3fqs6X,马森_布顿
aZMEXvYHbD,约瑟夫斯_米勒
EfwsxKKJ9L,博比_德拉普
zky-ZUQ-6_,艾米莉亚_杜勒
SPj3FQv8Bc,bellarafloyd
HS5JBeCMDO,bullholder
0jIf0s0zpP,dr_elvi_okoye
5HW5l1lK18,maya_nguyen
EcfjWepURR,paolo
Dq13RXG-vF,maya
lgS_96j6Yk,baxter_sinclair
mnfNDkaQ3B,sandrine_morin
NaGVBj0sVy,melbafontenelle
ViWTeuLSH5,missioncontrol
TeB2N8xGal,doyle_alice
_Np6WofG4d,naominaras
d-KLasUNCB,eliot_johansen
o4Cxi3hKqJ,davina_drummer
Y9pVNpWonh,beltersinaction
oB8KN32Tls,naagiares
ZiGHUo2bZK,annavasquez
iw5EgiPj2W,marcoinaros
UHaQ0LCu-K,mike_holden
S2Zl9SvqF8,robert
3P2rLt38uk,cara_castillo
SB1_P56mUi,anders_sadavir
l9Gm2B9e5p,DrMathias
4BaKlsrBzx,ProfessorDavis
SMUonmJ_RI,EngineerAmelia
ODmNs9hln1,CaptainMelba
ByJE6ewujV,ScientistBob
k3xrJXwijl,EngineerTom
ZQ3DGnOMMr,ScientistSophie
PS4-DBCpq6,EngineerMike
Bk1RSG-ujI,TheoristAlex
rn0o27Ps7O,PhysicistEmily
J00TNcMHpA,juliette_andromache
qwqPXvfRm7,jamesbond
0uz3UKXEzz,dr_prax_meng
bjAer4KUJy,naotocmach
pAIgTtvjcl,drummondtwo
0nwX2dSQlS,welderbob
I2yqP7ghY6,materialsguy
R7MCAHe3cU,redundancygal
vwj7Kfq2SE,safetyfirst
K-4ZkJ1RO3,maintenanceman
axNZZAEmD8,corrosioncontrol
l2de3qFABZ,summarygal
S6EbIn-J8C,milleranders
m4u9zkXYPz,amalrichter
qyn7XzULX2,beltertech
3blrRSmSQ6,navigatorHolden
kCfhrksELy,mechanicMiller
X8jgQ4QZyc,supplyNaomi
5hGglyQIGW,engineerAlex
-JqThHfCz1,engineerCara
WzZn19dq5U,captainJosephus
qX2IQmNKDz,commanderBellamy
OZzF8uL72y,praxiddelos
EOcaOqxNJo,anitajohansen
sTq43e6sjJ,holden_johansen
rWyaUx_vQP,karaldavies
6Cr8poZKc9,bellamy_blake
gNRQRKqNZf,anders_weber
aLcUerPp-A,marco_inarritu
GAyeSen8xr,prax_iddon
WpoDy7yVAm,murtry_adamson
eMPIch-SLV,mason_holden
nMQ8gPLX7M,baldwin_ashford
Ro4wv2TJfa,johnson
-iEo0KL_qT,amadocia
6XU4IFHVtZ,elvi
imaEZC0kaC,elias_vivani
E88SHT899D,sandrabach
tKOb9nCHWB,mars_in_june
FNO_kxuuLI,marlenaduncan
JhedcDNKlp,david_duncan
SDCm8SCQZa,ameliaMars
RnQSXKiBwX,tom_calabrese
TbN1jYrYiw,cynthia
fItZWXoeLB,karal
xu8_OfGbTn,anubis
5Xd5Cjk02X,miller_miller_jr
f98Q78pG5z,naagalaflote
BHOcrJ6wC-,christianadams
Te0VCWcoZ5,pa_anand
oU3olsm4Vw,tilly_hoch
s47cwOJ3Gi,clarissemiddleton
chClrI9Ijn,anderssen
oW6npySTM7,milleranderson
2soWNGlgg5,nadia_pell
HyLq-bcHiJ,susanjohansen
FVnAeL2qbM,michaelbaker
Po0uZsHYtU,davidpark
acb04a0jv6,baldwin_buck
0Qwu2N1RjO,marcusdawes
1EKhvrfs6q,praxiddino
5dsntNULXS,filipinchuk
sKxcw7ogRu,amandatest
cPgr0jqwGb,melissarandall
IOXNOVBZPf,juliemorgenstern
h4KY9imv7R,josephus_amos
7iHw68DtWU,julie_mandoza
yYn3l2IGiO,andrade_juliette
dtk55Ygk5n,morin_sandrine
bDkb3inKF1,paetzel_anders
y0bnsvtV6k,draper_familia
gqHS1LXDoj,anastasia_duker
0xAHioPuwK,sandrapoole
6lLvXThNkF,tellico_miller
xkmU9ZmgnF,albert_roberts
VrRwrHIhon,maya_Anderson
nTJSryJF4f,juliette_Mao
RlIKJ-Z_qk,aliceking
1sclhP3NoN,brianjones
Hp5wxhAUQ3,emilybrown
gRqjyFoncv,amelia_mars
a8XEFmAPpJ,davids_dela_paz
i8jEhTVeOT,draper_joe
K9uzB1GIVq,pavam_kittur
imIud4y42J,CortazarBelters
XG2FGgFIXb,FredJohnRogers
sSGuGD927D,ameliamadison
vK3dfmCps4,klausesebastian
6er7Mpq63N,chandrakumaravasarala
I25ToHbdJe,marlowe_robin
2-7r1Q7n5V,sadie_diaz
wFZ1gHir05,amos_syntheria
U0g9hbj0tJ,miller_jim
vI-1jfYbvw,sally_morgan
Y_Uahni1mx,dr_sato
lXN4U5nbjf,anders_paaozzi
PDhsi46Hly,tillerman
kw9PyAANEN,mei
kDBnyE0bg_,amadin_adar
pVSMYZnq3c,dr_strickland
I6wh8GSuKr,AlexanderSolaris
2-X4Lv34Oe,CortazarMao
IUrnVNofXo,BellamyBellon
Rtoy0B-Yrh,annakim
cgjuLUXEJB,marcususner
awgtoFDgQr,sophieadams
rY2tAl0QCw,tomjohnson
OrJjDaYiKH,miawu
Dt8vIcFDZK,bobharris
sVVAyo7IFs,amos_davis
kjIe_RdUDU,alex_mamitas
LzbTHuGMRE,ameliamiller
_k7-eJIt7t,naomimape
yEBcdgRLVS,alexandermason
rnKSBYm9Ul,robertdubois
4S8ilkAirT,AlexLambert
tQLBEsKRpZ,MarcusInar
cV5U8zWnlU,ShedGarvey
tb9cLaUaNY,SandyBuckner
Fmzr3MHtzW,JulietAnderson
jGZsgmb1Bs,CortazarBeltran
BBgLlIuu7L,MaoKwolek
d-orga6IFE,naomimarco
kucMyT4Amk,josepbillingsley
QOeZOqurc2,naagia_miller
qrRM2HWPWS,DimitriAndropov
qRq8_obsOJ,AdolphusMiller
PcnodkYIUU,bob_jones
QsLsL4pfq2,naagalaflar
SJr1UwFL0J,dr_umman_razzak
rgXkYywkwn,jose_delgado
R83k4Orr2F,pete
9Yq5Qwub76,sally
vvuRxHLjZm,julianna
TIqWLDWEhf,doctor_moro
-gDUFZtZoF,nurse_johnson
js_f-U4Ca4,dr_saavik
e5doBrQGgr,johansen_roberts
jYvdpJgxpc,praxidike_miller
9Xtj3eQhYJ,pavane_desai
hB29_W22Gi,cortazar
QQWWplTw4o,jimDraper
dddYx60Xw9,clarissaMao
QU17OiKbwn,praxIdaho
CvYgHoRPHr,elviOkoye
2EwivoxXU4,chrisjenAvasarala
AjFh7wZE51,johansenamir
UCu0hZHPaQ,navigator_bella
AgJflkIDw2,pilot_josephus
wQ2Uf_xbEO,scientist_murphy
leyhYqFuKS,technician_karl
plawS3MLrF,amadinsadar
YuZre77Bg9,holden_james
PLrthNEa26,milo_pennick
le6U23Ucv2,alexandermiller
EsGbn-3Hh_,robertoreyes
kNQ2TlX2uW,naagala-rani
z2f-Gu0aZu,alexander-miller
xe9vtHpDgc,clarissa-mao
mDDX6Lcwfo,praxidike-meng
fwzhz84waT,cotyar-belter
Hq_q-IG8uC,filip-inaros
TAOXsaAUKM,maggie_gato
YVZYktDs-2,bobthetech
zCW-J7-AZ1,navigator
QMtP4SoLMA,mechanic
lRbtMFY3Gn,engineer
0DxRHP3rmq,chiefengineer
12545Sdgcd,boatswain
I8MAd6cmnq,xo
NmlPZJGn0b,miller_mulligan
MNZD-vPB_Y,miller_sorrento
7KUiRAPb5n,miller_barnes
4RlFnSxt5O,anders_paerl
ERZXeYUlVz,joe_roberts
DYuw4S7M1U,robert_bellafonte
ZpvLqzJIlD,amossmith
cOFus8Zk8J,saul_taddiken
MSKCwg6s2g,mars_in_heels
tdlOaLCmKk,julie_mendoza
rrOmD3pf_p,amanda_adams
7sZah8-f65,tilly_sadavir
2R0iTFXZSa,vasara_al_fasil
Eu6x9dUmIn,roslin_frank
QB5sohn1VP,holden_ford
j_ZJVk2iXO,melba_kesh
F0fZLn2R7K,markfowler
MshT4hiIc1,millerabrahamsen
57tqP7FNQ2,mayasandlin
TnJ1oVCZ-X,melbafiggins
TjnhMQRcrr,holdenadama
pUftB1ErAL,miller_holdings
6gUbYQUrz0,alice_duker
PokpK2GgVv,pavel_sadovsky
azHcpht03j,amelia_rios
99GxFZQ9Cm,praxidike_mishana
eE1I3Dbo8J,nav_pella
hAq3jN75u1,aldo_nadir
XXbdizDLDC,amysadler
3x2mkoWFjF,lucyjones
jAQXT5jLJe,michaeljones
A9bxFPzc4L,ameliajones
-p_ljadxo5,pitt_bodkin
gx6FMs5bpP,tell_no_one
mutoqTVmqN,jim_holden_jr
ZEVpuV9iyV,elvi_doyle
xat5LEgawd,jose_diaz
XVPxm5jekd,johndorian
mPY9yiuh-U,praxidike_meng
ntt2HuANzJ,draper_josephus
di6LJhVg6U,miller_burnham
ENIdSIXZx3,cartermiller
Vs6V5zT5uu,holdenjohansen
gVBrjh8AGX,johndavidmiller
znYEx_Au1o,markfoster
KBCWijrZZ_,tomwashington
DJqkId-DwQ,sarahparker
GMFK6mX0ZU,murtry_adams
JZkiK11H1q,amarigeri
JHnNWSmLOC,bobbie drake
CFv-NTFfwc,jules-pierre
EL91r5YTDp,team_canterbury
2LR94lONDU,support_team
eg5VIEYfQt,engineer_roosevelt
9ouUw1GmUh,scientist_baker
dXtxmLmJWJ,researcher_holden
gB2ewLsjW5,commander_james
Dgem2MBeYn,researcher_naomi
xZJ5fp5Y6U,robert_bauer
2Y8-_m8E9o,johansson_bob
Rzl-9bM1tM,amador_ana
U78u3phovG,tachinomi_yasuhiro
aDOPP-dd0l,baker_james
IiYmkTsipU,andersson_katarina
ua-zcZrEOL,mulligan_maggie
1RqrVOeTW0,ma_miller
DgstNPUl_y,johansen_naomi
nbAIBA8E82,murphy_carrie
4KskA9epUT,baxter_shed
AbC8CR2NXA,carter_juliette
8ODt9pCW8U,usner_pete
G7dYTVcFSM,michio
4ldwbry-mK,marlene_dietrich
uIj6nydh7k,josephus_miller_senior
-vV2SvMXG5,carterbuck
4olpc-MROo,draper_jones
I6_sikulIG,bobbieaxelrad
v6ykXMsqUB,alexander Kamal
PDbjV-f_8p,praxidike Mao
Pw0AsKYmhr,melbafroylan
ZWSB52vizx,pittsburg_bunsen
zMUELjAy9P,sarahdawes
aX5X6EXLrs,david_bowie
0pHZmaLVmm,meimao
WMkLDLVmnN,pella_kuznetsov
qlURzivATt,miller_joe
7rWuCEYZ3W,anna_volovodia
crmFemscOF,sadie_tanno
ASytf_J6Ow,miller_robot
MWU8momLXh,alex_mamoudi
uuS5veA1ba,melba_kish
K5JNXt4lwT,marcus_carter
dUk9rn63Dm,sandrabellamy
GqHAd9GGMw,amossilito
HrewbFRCoV,aldo_pella
3bUjfNmV3P,amoss
PpUUEmLfO7,prax_miller
KJj2P-05n9,bella_fox
v0vJipaEQe,carlos_del_solar
P9qUenzJGs,anders_sorrent-graham
8b7ZRz__rC,till
VrqDUWsLKA,amandaholden
WpUiWMMRJ_,miller_synthworld
HcLjEWFCRj,alice dresden
o1yO2ViiW8,amos burton
wE6mvIjCJe,julina_lokhande
77QeyQ1dJM,draper_harken
iT6vyt2ghb,space_engineer
Oy69eTOnAh,nanotech_guy
3eo4Kyv6eu,space_enthusiast
dmHxGLdUaF,ship_engineer
J-7602618s,tech_guru
XduAklZtIM,nanobot_expert
fAScyl8jjh,fleet_manager
a9Lx4uvK2Q,miller_josephus_jr
LJIBWqY5Ky,aldo_adar
N8CubX-JNg,jessica_anders
igvt51i7Wf,robert_drake
PeNUxbh1LO,alexander_holden
rcqUSll8iQ,sophia_moon
834q70BAIC,james_ford
a6R-hMq1_n,elena_vargas
GQ31gItOha,magnus_hansen
f1GIk4e9Dk,johndaviesIII
IZmVUcrRGx,julina_belter
vOoZvg_GMW,david_dela_paz
I01kCq5Hhv,sarahanders
Z0Aa0Svmdl,markwu
6wJjM-hYPG,milo_pappas
bHj8Rzrl54,belters_for_belters
Z6qrAqUe8t,melbafabian
1bXuCtJSOt,chrisavasarala
vvLPBs5tBv,robert_duncan_mccormick
dUHAAJOcKN,sandrine_furter
xJbD-7zKT9,melba_kushner
g3HLR4Gvme,susan_marcus
A7L6f9bUz9,anubisjosipovic
W_kKQovVPB,adam_brooker
83Ik15-zU5,dr_pella
A6ELlOVTgj,RobertDubois
HPh-ZY56K4,christopherjen
pUkrNLebkd,miller_naomi
krxdM9ckol,amal
Q25PxN7zhV,bobbieduquerain
89Iy8nD4Bh,tomas_sabat
4lokGbvl7A,karen_morales
1jJcIl74in,mike_adams
PsXu0cbiwd,paolo_cortazar
i031kbBM5t,joseph_mao
Leyeqwd6qw,shed_gerari
mpOzrwhZ86,navarro
bcCVjat2MU,Alex_ Kamal
XbWIrwcD0W,praxidike_mussolini
jRZOE33fkK,robert_anders
1k3_mlB-2y,sandrabohdan
9O9Sy8rSY0,tellocaster
0r8vkyT-Qg,electricalengineer
cjE_OuOw6F,captain
cy83FPVgnQ,MelissaMiller
XMTBMuCBCj,JulietMao
kl-2kT_fOK,andre_kasparov
YhxPOTfN_O,annasanders
zYLnYMcA7_,marsch
LuG9Hjiz3G,melba_kohan
tcL0F-NqK-,amadina_stinnes
8JzPUaMbFK,sarah
6FzVXjoSrr,miller_hobbes
mBE4fNITSQ,marlow_budd
dAa7tLAVte,moe_rabbit
Ye6pxAtUYW,magnus_saab
BTjwDOAftX,sorrento_anders
MJXn0DOTPq,miller_miller_josephus
HsyXI-oyxe,chrisjen_aserada
7UkhcSYva6,navigatorMiller
UZdHi9TsMz,pittsburghese
hIZOVAVkqE,bobbieholden
DWC_7wANPP,pete_gusikowski
KQkC_TFpFj,amal_rikarde
9b0CC4BExf,dr_prax
4UCt335d1k,Melba_Kohle
fRmbHGvxQ8,anders_paaxton
fWZAUr1k58,ElviOkoye
X3PAb30AUs,RobertaDraper
vYRW6QUAb2,PraxIdahoCortez
ozzL5OdLMt,AnubisJoshi
Rq4cV-UlYf,AlexKamal
vxs8MVvGZt,mark_foster
Sw0flTnS6Z,helen_hawthorne
yBsbSGUdjw,holden_floyd
GKtpNriAs_,rosa_morales
YFZGyXHyaI,sidney_pell
gNQYL02RWi,baxter_julie
6hG3PSbAC-,praxiddinh
7mCIEDSWKa,julina_savik
xK5uv6TaIr,klaes ashford
HVtCXWU9QA,draper hu
vebejOGmKZ,DrMasonHolden
eV8X9N-Ul9,pitt
ji7h0D5zqf,julie_miller
KXuSNI1laT,drummergirl
LXbRD7GkLF,jimmyjames
ssSGV_97QQ,susanpilot
DX7vfuoNG3,jennifermiller
nIbbaYmrM6,cotyar_belter
W55911diE-,mars_inhabitant
c6tcji-oLu,naotocm
e5AV4_1g4h,alicia_munoz
W-hkyGGGZm,dr_ajay_solomon
xf_uoBznqv,melba_kohlemaas
ENhEMwPF2-,naotomiitagaki
DTIz87Jeid,naotocmachek
DL1meti9mW,praxiddelfer
bvqOI1-zut,elvi_warren
xfBA_m8gOw,navigatorbob
XHk5IQmYxg,pavam_kittiwake
zc8yPNOLmm,engineer1
ExdYNAyrKH,engineer2
SoUCzJk23R,scientist
FVX6opxr64,tester
FjfbrkvB5A,mission_controller
YZjN2dZgLi,expert
K1kO6bmUTG,verifier
zNu0mHhVpK,release_manager
LPgm0wUTfS,holden_joan
6NDeyqr2IJ,RobertBurton
axZMlDwTpO,ElviWarren
5u9XwRS17W,johansen_pella
z1dAW51VdA,praxidike middleton
jvI9Ykfhiv,draper havel
aiPkVweD5w,julius_caesar
8dgO0eAFjK,navarro_marco
-HlquUfvNA,sanders_james
MIZjHvncX3,tucker_bobbie
vSbZPKVIu9,usner_joseph
XA7lpPrMFq,valmont_anna
lLpKdo0Vbo,wu_mei
wnjeWYt-dk,naagutalik
TUCV5N_Nf4,lauramiller
-9UAg8HgXY,melba_kohlenberg
YZ18oqL4jZ,shed_gerani
N1S5k__8ui,maldonado
wB7HqJIAVQ,amadarandall
tsSixqiemA,drsilas
9Gj31ZAax-,physicistlucy
qXn04W4XEi,researcheranna
EFqR_c4E2m,experimentdesignerbob
WW9frrAnP4,theoristmaria
RwJDkLbESV,collaboratorjames
mCS6vZRTH5,researchleadernina
JDlRtqPE9h,AlexanderMao
BUPN0uPGO6,mei_meng_conroy
JwHQNnNDTY,amelia.mills
sGzA2ixUUu,securitychief
S3efWU3AqG,dataman
0s6mQVqwRq,softwareguy
diK0sIdkdi,hardwaregal
CuFT_QhPsl,designerjane
7cWq9NM4XD,alex.kamal
ZTPm4CjAQs,chrisjen.avasarala
S8ObflAKG8,prax.idaho
estSO1OXTm,bull.hargrove
LR1Nisyn5b,cotyar.belter
-LwD09eGbm,melba.koh
ESoWrSSHgd,filip.inaros
SVcvc_GjTD,moe_bobbysib
7XEPSk4lsH,josephus_miller_supervisor
_y_dL2Sk9F,drummondholden
1hGLtyJTvb,susanbaker
yyv42p4nt3,naomikitterman
KusEmC9zDl,juliasanders
dPOx23p_em,amadomar
XpUy9owXpf,josephus_miller_robot
sbG0nc0cAQ,caroline_miller
ZqdKFO8NE-,markwatson
1K1P9OSUUF,davidking
NKdbO503aY,thomasanders
btxYhc5Xp8,marcuscarter
LnKWV9_M9G,josephus_miller_backup
z22Pja3GNO,karaldavis
pEwx3FQyyG,jamesadama
VDSyrGzXF7,michio_kobayashi
szUJMOCor3,baldwin_michael
_TeA2yJP4-,tillerman_james
SH1eU-T7nt,bell_carter
ZKqdELvhnp,naominaegi
lQXAodKeAL,marcusduncan
6zyqgwK-Vy,johndclare
YDQpjnySvL,melbazhad
Ur63Aa_8jM,Carlos_Elgin
jZCeBw-G9G,murtryadams
Y0keXtBdCi,amosbutler
piIO8wNCn7,carnahan
0RV1VyoCxx,robert_ford
fEUGjfbezo,michioholden
20Yjl2Fh4g,johndraper
IZcID7453s,amandarandall
DxuWh_p4DQ,projectmanager
QLj_1_eIEB,procurementteam
iI3iAWfSOI,teamlead
_L5lSL1xHO,navigatorroose
c-IjA9fZhw,valera_graham
hwuV9DuLdl,alex_jamieson
d3p8hEA4g1,julinchamberlin
FxlFBc7DSn,magnus_saavik
KgX7Xas5Sg,susan_johanssen
FTWJZ8qIrr,praxidike_mord
AVs2BfBgq8,pella_kaller
bxItq2M5GH,elvi_dobbs
3GunO0OkGp,marymorgan
NlwBl7LRiT,sarahill
ZZ5Ob-QE5U,bell_robert
LTUAOniX_W,melissanoweb
y__U5OLcEx,amadaritter
VSbK01f3jE,dr_ummanzur_rachett
KfgVNGhJI8,holden_josephus
6-H4VRzj6y,alex_voss-sterling
QIcml-Y7pG,dr_ummanzur_rachakonda
PiziQmnMXo,albert rodriguez
OW6YmBDeIx,jimwu
vfBgxwWghv,captainamanda
1XFcepyt2O,maintenanceteam
FBp-z9vT2G,researcherjohn
Hm0QCtfA1v,expertjames
6w8OPwiIhd,sherlockholmes
o5ydKB6b-j,hermesdoyle
bmasLeTFML,gilgrissom
PpI0B3yrk1,mulder
cUJgT_7lc8,scully
IU0xpQI9FE,ElviQuan
hSOqaJd39H,PraxidikeMao
1eFnB5f03u,Bobbie Draper
n-V_3ZpxNR,chris_clarke
8ufPLWLdzI,melba_perry
66usHvPgsI,takeshi_honda
stUiIgEPc1,wu_deng
0LstSZwyVf,Anna_Volovodov
lUdwFsgQ30,millerpenn
Km0rdhbQGM,amadinador
66i5Nd7Yhs,amadinadarroch
AZT7vDzwrA,Chris_jen
n4oiQinYmF,miller_havelock
v4e1ASHPTv,pete_gabriel
Fx5wavUJ7d,amal_richards
_jRGJnLS1T,spaceengineer
7kdBPAoqYk,naomina
jXcZujMPdt,annakali
uPD-tTW2-s,anders_sorrent-gillet
ntxjto4P1Z,praxiddleton
LTdv_hMA0j,adelaide_miller
TYPk-MWuEp,naominarabini
0y7rLvknow,susan_monaghan
zbapfNhbM9,pavel_kuznetsov
XwFeZhYd4y,carlos_del_gado
i-4yI4e1Kn,susan_marcos
uvdX0RaAQi,sandrine_foster
SnW4rFP5km,amao
w1IxVHZcN0,nagata
A2zTYHH_0l,kamal
SxlCfPUGZe,kali
suPXRTua6L,mao
7kSmq6Wfnn,dr_elvi_dobbs
oxgtUF-WcC,james_holden_jr
JRdwZS1FN5,adria_mao
Fd_3N-EI7G,adams
FZvzefbbsP,aldo_pennelli
iP1T1JPLtf,maintenance_mike
icFRFn-5Nr,sensor_sally
8HwLc1GgWx,astronomer_anna
v7gyldfYB8,calibration_carol
BBgfY46y8u,absorber_alice
-vlDzM1vYm,naomiNagata
fVQm3dh5mK,josephMiller
a2LPmFeFsT,jamesHolden
_GuOZ1YIpv,anderson_juliette
3c8Hsn7zlb,susanjones
7dwxkTUYb0,michaeljackson
arMTp2_-87,sadie_tucker
cNMAxJb5p7,sally_ride
GCWJwR4ZZc,alexmamitas
T6ScSLYg01,josepgracey
vGGkemBEPS,pete_canterbury
_g0435WXw7,engineer123
MSvESLiBEt,navigator456
X36s2K8885,mechanic789
efVVJo_Pd-,electricalengineer01
LUNiikvyvx,systemsengineer1357
zr4Xr-gPIN,systemsarchitect24
mHDI1UJ5BO,sebastian_moran
st2mPUwi_T,johndrada
0Ke1AaiHiQ,drummer_kasper
J2GANuF2bS,amalr
3Mk_GgUKiA,naominn
RP-rtOIhd0,millerj
ogmKxk7Cqy,alexk
LB4rk39PhP,holdenj
yLOiInD_tR,kalian
73lRfa1SPt,inarosm
jy6S1lGUy8,avasaralac
4z3joFLw0e,maojuliet
zgeNsgNPfr,alexander
QcpOrMArER,pilot
VhasvtvXyU,astrophysicist
9Yeum9hEjE,maggieq
AckPWBsVdc,marktwain
4Wzr4EVRLo,freya
8GxgWGExpz,alexanderpoole
SFquU1HQfV,drhaus
uUQkSaa2zU,sandrabohd
oVIdZEbjWc,baldwin_davis
L6A_eR7g05,naagalaflorian
NaLjpj3CQ6,dr_mishana
K6dP9elJfX,amandadrake
9GXg3oVt45,avilow
d7LsQ5dJWE,laviniabell
Z8_3Vgz57I,chem_guy
3al5_UShcm,sensor_expert
0a6Lpe5baZ,ops_manager
kvRWKdbu-U,env_engineer
SVBgwf3E-W,fuel_cell_expert
ibIPgRox0d,shield_designer
18fx1i5dQe,engine_designer
SYIhb7ZxNd,researcher_jones
g7JmSrJ2lI,Amandapayton
Pw6Al8OZhT,Josephusmiller
4t_eTK1Y0L,Naominagata
IUC8kJCjXI,Alexkamal
qxGzKWw5cL,Jimholden
Q5P4FzcWuq,Annavolovodov
XHiJ_XDPzD,Clarissamao
4QanMguzxB,Chrisjenavasarala
vEspj9QAKe,Bobbiedraper
7FL5JGX_5S,Avasaralaluka
9Qmoto9xyW,margo
jN8rN2mN9Q,alicia
b_YqRQ5fEd,josephusaker
CUohjKFPh0,alexmamitakis
kP6fGPmmGR,holdenadams
xQDPu71_Wi,annavandiver
9vKnkv2wEv,drummer_boy
wWUYRnsnnO,amadrinerris
j6PJgnGpSN,baxter_sandrine
g0g8JegiVT,maggie_anders
LauUNO7FUU,susan_miller
B9_alpWWs8,susan_marsch
IBsSI49x1I,till_tepper
VfNf1YUnJK,rocinante
ztBghEdLNe,michaelwu
b78UgZm_Vb,olivialee
0n6Je1dGEi,sophia
5aavIvPUrr,samantha
XlSkNI92_3,jessica
hQB1D7ZCoR,daniel
cS2sb_IlNX,bella
XDJx3DVpeC,navani
WT1LREpBdF,praxidike meng
v-VJZQhevW,valera_mars
nNniHBEF8y,holden_inaros
33sUJ_flX1,finance_department
_tJy5zAYb6,draper_family_hologram
CzsmkiX67o,jameswu
hCKzszPZ9I,oliviapark
JksWWlBHjP,JosephMaddox
lhijLjK4TE,anasaverin
Nio7KWXaGL,marschalk
V2YV4D1e0_,holdeninspace
NNHfabIkiX,karaldene
DNzouxORYu,sandrine_gorov
dFS2sZQqjl,naagunti
GM5Qframgx,melissaperkins
SkFsTxLddA,annakerrigan
_SnUgm1xEy,draper huxtable
oSzAV18IL0,JulietAndromeda
G0V1pSFaxY,navitapartow
cPgsF8tAGX,bobbieduquerro
e39Qfl8_y4,baldwinabramowitz
l9aEx3EE4t,robinartemis
a4RIyTi4T5,alex_voss-roark
7t28iZy1FR,millerfreeman
-m4DRmFtCo,bobbieduqueraine
T5sbE0lMYz,tellocambridge
ufXhz4_4ea,anders_paaiz
2i2MkDIllu,saul_tannenbaum
LSNN-NQ0r-,walter_gusmão
Mdqu0TN-Sn,joseph_hurston
KI_p_5aVYS,praxidike texter
9jlItGeGRZ,melba_kesselrun
0Ly9xfiRq3,draper_felicia
L9-v0f0WCU,maya_andrejevic
W5GqWYsLEi,holden_amos
FUvhPxBnRI,karl_jansen
oPp1myNgOF,julian_jacobsen
F_6gDumF-M,amos_buckaroo
zw07ghPCRI,mars_in_transit
6VAzltlkMz,financeguy
goiMDyYy52,tester123
Cw9QQhA_e-,cara_boden
N89QGW7dcB,julina_murphy
aNU3xcPuQ4,lexi
1XFb-qIw-J,johansen_alex
a2zUwQPxn9,mao_clarissa
P_54mrXJdp,miller_prax
SnHiJRkZ8s,sadavirerrinrace
4TUq2oG-wA,julinchambers
5v-zc47ic0,melba_kohleis
YK1qMUNRek,sandrabauer
Hsg8urgZKw,pittsburg_bill
cwHQphFJs0,sandrabrande
3irFH1eRXQ,murphy_holden
CXPH2l8ylu,baldwin_holden
SV_G0kaZtY,melba_kohlemaier
H1hxAGFXtX,bullhagam
toZZIHdWnX,praxiddas
dIrsERjQOT,bobjones
kf9GU_ce-T,sarahlee
0AStlBpJ5I,michaelrogers
DK_Yqib-Eo,davidlee
xm8RIiBa5Y,belinda_belter
PONm_zhGn4,drummer_miller
sb6vbq0-F6,adar
NO8Uxk7H0t,josephus_miller_sr
9wS6vXq-K0,SadieTanaka
Ve23rnY-p7,HoldenRoyFarnsworth
rDpSi2eAlt,kumar
JeeHMaiT3T,gilliam
qusfriuP7m,barnes
_O5OHargns,Dr_Strangelove
3uk9vlzU_F,Pa_Anand
xczQRRcMhL,KatMiller
3MenYJT7Tb,the_belters
jGXQ090UoF,pietrokuznetsov
L2Lw4BxO2V,andreastaples
Ctwud_jZnl,michiohakamada
W8rho7nrhV,jose_delos_santos
ZfXgA3e8H_,aldo huang
1O_IVRqu9L,jennifercarter
WPCJiVASeO,bobbie_draper_jr
xIxx1ktIlh,naominaeglen
1JU1pg-fkz,joegroves
tCeR_DZace,alexmamatas
6wCT8l9xxB,praxiddor
nZFZBOuKK-,naagalae
i_NZdB2SC6,miller_holdout
HvmJjZ0JxG,anitadeeb
zRMFbxTI7O,maggie_sawoo
ONPFosZv6Y,davids_dresden
PvbDHI8m7d,karalduboisjeunet
gNMbc6aTHZ,draper_farnsworth
D1oEC8UzTU,James Holden
24tKEmmqVo,Paolo Cortazar
-Wb8Fu9tfJ,Melba Koh
HeH6zMNe0B,robert_george
0Ys5Q9BH8v,engineering_team
Y6tej7stoi,johndavidson
kMH_6t1DWu,Carl_Tuttle
7hF53A-Ji-,Susan_Marcus
N3wFKhZG3M,Melba_Kowalski
z5YXc9OfoJ,mechanicmike
ipcY3DZrHE,calibrationjoe
2YG2Fz2SN8,recyclingroger
34p_nhUZ7F,maintenancemary
cg-voXPgEJ,solutionssally
tLQyP84q14,techniciantom
yg-LBk2yzL,amysmith
d6Y4sc3oDF,lucywilliams
FSdtngr0Cp,jameswilson
xgsXyDEwYT,alexjamieson
cmX-xsFE4L,melbakoho
J4nxZ-kEqO,klasesashford
hmOZXZCsNk,thecrew
Yrni2Myue5,ashford_julianna
2V881JumPW,baldwin_drake
2jMBYizZgY,bell_mei
e5Ik3B2IT0,cortazar_silva
BBcys--koZ,beltersforrocinante
pIdMW5SDPK,dr_umman_mamoud
ydHV7hd9rY,jose_delosantos
DO8oA8JMpc,jessica_brown
uiIk3PXPgd,alex_voshelle
OihIjKAOlg,adams_chris
dnTxcXNnXk,bullockjosephus
zAeHW9GqWn,margo_tai
o-IlvVLApd,maito_maseka
DFMkzX6THL,mars_inchallah
5KllxjNeZl,marlene_tyrell
EiB-foGwqZ,drew_abramowitz
ayxYQ0EfYD,michaelforman
JiQwo25pka,moe_bob
4s71z2qwN6,anita
ptnd7Sljeg,millerabrahams
9hgK_6nXp5,maya anderson
c_3aW_oj2f,alice_foster
YVkYGEW7CV,joe_rouse
H3EnsrvvJN,techpriest
sGmk-XVMBI,madscientist
7s33Ii2Kcr,powerengineer
bvdp2avLoq,powermanager
VIECwUL0ag,energyconservationist
v7LrzozFZw,marcusInaros
guhADVEBjf,draperHu
WoLcpzy17V,klaesDibbets
AGogd94TL6,chandraAvasarala
fGhQFhkgYr,miller_holdo
Q5U2UJ_Hy6,amadrita
1XIQUMi9Qu,KlaesMasefield
0-3VszQjmT,carlotte
4faYcGuirR,johanssen_lacroix
DdRUO0YFK5,praxmaoc
bBqMFsEVsW,miller_abe
RQXNrpqEI3,melba_figgins
1YZqqyItJf,josephine_duker
sn1tVWyaa3,baker
B3a227Xb7U,ford
5AxGoXrGwM,amos_beltalowda
oM0ZWP-0ky,robert_belt
mHz74Msl_P,thomas_kasaba
XXDZggMQnU,anders paxton
jKw31uXvzS,juliette anderson
Hg4yrqk6ig,cotyarbeltersinspace
ktI_jy7wUf,pete gunn
cFUmoMEIwn,miller holden
BRu8FX0-Oc,chandraavasarala
tEbBO9o-au,burton_amos
cK1JJAId-i,dr_praxidike_mao
2yl6jfq4Ix,sandrine_gortten
UD43RiofdJ,bobbieaxelrod
s4TsONpj5Q,andreacarrington
KzJabhgkVn,nagata_holden
UIyFc-PHR2,paul murphy
Z9rol4_Bwk,james_haldane
hMZdblYTJC,sophie_jones
lrzFwAAzVV,mars_in_arabia
a2HvznVt-U,JosephusMilitia
a_PPCqjckA,SandyBell
Vm25emvLfP,marco_inaros
EY0Zoi9nHj,Amos
SZgkN9SPut,Naomi
-zUFqRsLn6,Bobbie
FLlDnjwdlT,Jim
asTQT2imYo,Clarissa
Ewnj4v55fB,Prax
IOwhMQ-f2V,Filip
LyJgXxtESj,Holden
Wz-1JCm0sW,joeforrest
EXKk7xqh5Y,melbafrostellar
nQqQUgqrwE,millerabraham
TFnyXyy0OT,bellamyblake
AWIcvxTA4f,aldo_pado
wk7OFfVS1Y,michio_morinaga
JSBIXKxB73,anders_osborne
cy-u1AYFye,amysun
W44d7pqmgr,peter krause
zEpp1I6gyF,pitt_bodie
Ra7FwV_lvV,pittsburgh_joe
QWAGJ2J0PB,murphy_mike
x2BjUHOaki,maggie_sullivan
rv6Hunrtv5,marlow_boddicker
3ZifbTEh8u,naomimapiran
8YZ6XyvaDk,alexbartow
3ToGF-9vsp,bob_amos
nuECja7SX4,pavamwood
agmMcl8MSE,amandarandolph
wXzC9fhGpR,andersosagawa
NTADN2Ju4X,chrisjones
lXlxagURpv,michaelanderson
jhFHZX3Opw,sandrapoil
HhtGOKMJTB,AlexanderHolder
e9rOC_hq5a,james_miller
yWKvbDllns,tyla_joshua
iMPZ5pxW4Z,thomas_murphy
V3s1s-rutN,cortazar_baldwin
FuyM9rkhZ8,farrell_miller
bI1pOBTUTA,gus_miller
eXI2ooGDA2,alexander_maas
xEJlqauxpB,DrPrax
ze-UFtzK-H,ameliamarsden
gKqwmAOVmT,ceocarrington
f-BgBpsOpq,mcmurtryceo
Gkm9ZpQ3Ah,mcmurtrycoo
MR0ZIjLy13,mcmurtrycfo
3kJPg3bFbQ,mcmurtrycmo
gPqPukdw7h,mcmurtrycto
MGMn88LZUf,robin_draper
z67F8CCKjl,marcuslowe
roXpdXKddb,tillyhoch
BwjuvFsJLI,sandrabuchanan
KctZ2UCFjF,bellarafshab
oaak-ybsK5,telloc_karnes
xYHxe441dF,marlowe
aSpMkNKQ2B,mari_lukasiewicz
ZdvKKMhhz6,cotyar_belters
TR_MQEiENm,bullock_freelancer
QJbDYodfET,pascal_tedesco
kUiqZlyoUk,drummer_kasdin
Cia17FCYfC,admin
jCGE_Pc5cY,miller_rojapilos
TA3xJRsg_P,tom_josephine
0-PT0fMEFS,clarissamelhopper
mTN-If4iBP,navigator_pella
Z7WnRO2gh8,engineer_baker
h4cSd4Pdse,qms_jim
Psmb7_jDR4,navigator_miller
lJXksgITKN,engineer_tillman
PC6caYkVxS,navigator_bull
_WB2B7V20m,engineer_miller
GWy3nMw81z,alex_the_ai
LupxqWnzix,dr_duarte
i3e3Kw3aHq,jesse_gillis
TmAe9oSFFV,anders_sorrent-ino
d8XsLy58r0,caral_delevan
1rK3XpYIV4,juliana_anders
TWdxszpYlv,amadria_miller
4ZDj_4e1bd,josephus_thorne
tIp3kl-1k4,johanssen_kline
5K8pUg2-4l,navarro_garcia
C15Zs5IbSK,sandrine_leclerc
DUGL1GC3IJ,miller_jones
ZEczSpaMd-,sanchez_lee
0m1bSHJlO4,wu_liu
_SeZxoOKFh,chang_yang
v2OA4wrhbF,robin_artemis
fx9W3ba9gE,amadrin_miller
IfYa5R03Fr,amossadler
AyUWTYTgo_,anubisjoshi
q5n886HBjh,usnavi
p7clK8HLY-,valentine
Vcrjxu9srX,yang
yKCpRPH-Bq,zhang
VYyBFkonRH,robert_dreary
-4PYz-1VeW,farnsworth
a44VuhjhVd,gilligan
ykEmYnFLCo,marktaylor
fF38xvATkW,juliasimmons
m_cw-ZMleH,amal_rickards
b9zpUYGniS,cortazar_johnson
feW_fcg-73,mei_mao
Ynaeks3ZAx,pella_kuznetsova
zfbTM4WnbF,Amalrik
_8m9Gsp8z-,Johansen
VMd-R3KV94,MelissaMao
G3AxeprRWG,JimHolden
mGY9zs33ho,DraperHolden
JvUqzKMhpM,adams_strategios
L2W6s1Zect,margaret_baggins
Z97hElO6I1,keller
irdpfJYJin,anubisjoshua
Nlhj5DCJgU,vasaralachoudhury
uEDIeSxLJQ,mars_in_one_piece
Xb2Rdi2o0_,belt_and_suspenders
nnAmqHWCZ1,marlowe_bud
q13iSgVaUE,anders_paerlum
0W_s9J2yCk,dr_umman_razgat
mOCVNDGG6g,josephus_nagata
47dI-U-kGm,michael_tillman
_SQ0954o4K,maggie_gusman
f3VGm_WGaj,holden_adams
G219v3K3Bg,dr_pella_lumina
qW84N3GgrN,julien_belardo
9WDz-tyYwB,robert_duncan_mccormack
PU6RfIhOMz,baldwin_anders
Zw_yM30WgN,peter_durant
nNrKprz-lP,valentina_meng
JilNo5QXiZ,clarissamclaren
TyEKhcY_M9,marcuscantrell
0ZKJb9uh8v,sabrina
w6dj3yJlsL,paul_strickland
7dpYxGt0C2,bob_paxton
8oIT5zJeL6,joe_robinette
5nLnSsYbo8,mechanicpaul
uqjd3N-VHe,pilotlucy
JNZ6g7fFiG,electricianmike
CAQQ3jwTgl,medicalamanda
CLN8_huGma,cookerroscoe
un-PknuIIB,armorerjesse
UqU_CTruOi,michael_rosenberg
GL-52Ds5-p,Juliet Andromeda
I5ba-LhYfX,alexmamit
P9i9lCehzE,maia_lensky
eH140rqigP,clarissa_maos
9ZTD3yMUO2,michael_adam
LE6BUwQq6y,wu_zhi
Khnrp3Y9zC,ship_maintenance_bot
ENtNl5sDRC,carl_strickland
BCGwsZJ4WE,melissa_anderson
A3I8x-5hs-,mike_washington
bYkNYq6dtw,sarah_parker
5PrstbBBbd,tom_johnson
aSyq50ORpj,jim_brown
biUd0T1R6Y,marlowedobbs
wXd0L3G4qb,avisaralaluka
3oGglrI0ML,amandadearth
HYy47W3Iu6,josephmao
4O3iY-5bhK,avasaralalukas
mT2Xq87XWJ,amandadearborn
KGTX1zVsNn,belters
_dTaJgcN9h,jimmy_ong
AkQKStZXRA,avisarala
tSKr9Inav1,jessica_miller
REmTqM2rOy,mao-kwikowski_wang
-eem0T_DDP,juliettandromeda
9apqxP7fY_,robertbunker
ydd4p-GWKL,shedgerani
KCLUDQll-Y,mark_fanshawe
7RqjFuzwUK,laura_miller
eCnDUmIPrw,emily_corrigan
0oI2H0-nVv,meifeng
6zEziwCO3K,pittsburgh
lrLlZxGd2g,kieran
llq38WPBXj,tomawak
wgINHzjVcY,amosburgers
dGsi0--w-g,PaCitizen
62KvU7_5Vn,DraperFamilia
G_5F1ja-Lk,baldwin_pella
043rOI4ZrL,chetzemoka
QHdpNCjApJ,sandrine_pierrot
vGlxkIiHFi,tellochen
amMu6mCLtJ,valentina_dubrovsky
Jwto6W68Od,baker_sandrine
hExKXZPIQQ,tillman_paul
VPO00qpciH,andre_davids
Jn0qnXr1BZ,anders_pappas
W7dnksEXOH,margaretjohnson
a203WKktVC,markohelen
wTX0enwBuk,davidwilson
zael2i8xr7,adina_miller
BQOPlnlFdP,amos_butler
NMuOEmXi4h,karal_davis
T2Bx0nqI7k,thomas_caldwell
a2-TUxZ32q,markjohnson
xgDdQ65b0s,maggieparker
YSnoX3TWHT,chrisanderson
0LiUtH9GKZ,naomimap
dUH93zyGGp,vasaralaa
kxqX3Icsyg,juliet_mao
18R_t5BPhL,taras_kuznetsov
zFrJvgy8-Y,rosamelbrook
z3JlmY8ggG,shepherdbell
n9Dx1wE84R,murphy_bull
ubmvfF6JNu,aliette_jansen
cr0HleRUML,holdenadair
nr8VVXauYy,bobpatterson
K69ATTNDkx,millerabbott
R9pfQLplcz,sophie
jMa1iabsU0,earth_gov_agent
Dxo7vvhPdD,navigatorpete
HvUMR_Wjo5,mechanicanna
xyyh8HxFOP,commscarl
owcR1ZNlHA,xohoth
PXTl8gH1Vb,praxagathos
R_kPFCJ0xY,elenandropov
alUkSvN9gA,moe_bobbysue
G-pMVPygye,juliette_andrada
iapZpWmXf0,paul murray
aWKkX-lecQ,draper powell
SO_6GpSXvU,sandrine_gorbert
-X2P33JhRi,cortazar_josephus
KAVYLnAEbL,miller_rojero
hNVa2dfRUj,praxide_meng
dvvh-q8rAs,amos_syntherio
qaj8SPevI_,roj_finn
Nx0tyWekVJ,juliet
31Jfv763Vk,amadoudiop
cy2QTxxqY1,sandrakeller
-wckJ4y1z1,anders_sorrenson
rJA8UEYZKf,baldwin_james
xEe3Fl15qb,maintenance
S3fGXBQ5RH,RobertBungy
Ii7HSu-W4m,JulietteAndromeda
ADHXDKQzvN,adams_reynolds
zlxiNt4Qab,chandra_avisarala
K9KiPCvd8Y,robert_forster
B3JV0hpTdB,johans_draper
DnotJmLBAQ,julie_murdock
7HU0xJS4Yx,engineeringteam
odE0RWATtR,davids_martinez
13qwbWToMc,klaesdrexler
e0WBb8FOFQ,dr_mason
3Tj6j8I2cP,miller_aldo
8DCKUgdLj5,belters_best
wzQicTP9VM,navigator_nate
msLLQjX48s,science_sally
XY9OCJB4bF,captain_clarissa
lUMEUNzi17,mechanic_mike
3KUyg8I7Nn,commander_carol
tXBfxVLi0z,pilot_pete
dL0yFB5OuE,jose_delacroix
nBc2fKY-mH,amadin_holder
xVT-IY8ph9,amos_bereton
xtTu5-WjgS,amysunny
sUBt5vKvVK,bellarafesh
XXyY78Z4j-,CarlosDelgado
icG12C1ZKW,amadin_duker
zkQrLU3cgV,josh
nZO_HEzxDH,lucas
D7ArOFX1he,emilybaker
46MBzq4F0-,Draper
IUIilHeYW8,Cortazar
4xhNFP9Qvr,Bellamy
e2rq7nxXoe,navigation_engineer
jkS4Cjn9gX,computer_scientist
4yFT6YpZhZ,commander
7dJ-PChFxE,melba_kessler
4mkyTGSXcx,pella_d'avinci
VquvYyxFzb,tachi_ino
03tlkP1TSW,valera_meng
W3T7nuf7-Z,navid_paz
CQy6BdbZ7H,avasaralaluo
5bHXCIOLWN,juliet_andromeda
hc1Q_Tkusr,duncan_awdry
kqbj7QVHJp,team_expanse
_3U4yLdHkJ,tillman_gray
n6xXP2ndHK,julie_ma
pH3p5MMJgI,valera_gray
7w01XRg7H_,moe_bobbie
3UHeHXZby-,tycho_crispen
FdLtwqdwTg,joshuamiller
3wmMPO5SSf,amysunnyday
qdvztr4Tp6,draper_hills
-See3kiJmP,alex_levinson
vmw4FCcUg2,sandrine_pierre
FG1p9Mpdt-,jack_reacher
taVgOlZwGM,belters_for_life
f9riyBHaAg,science_guy
L-vpzuflZl,researcher_miller
forHPTXsZX,chemist_bella
5_iBWsaDQN,commander_josephus
SDbhx_3edi,quality_assurance
Q6UwCnDJ6u,sadie_tanner
Sbewganle9,carlotta
aZiLVn4YDY,miller_maggie
GwpBx_A-m3,amadin_anders
NoXujCiJ9v,beltersforbelters
L9xRl-LI2E,alexander_solaris
rAcxzjg7hI,sabat
qywoytqm1B,jules
jRu1GRTpnO,praxidikemoss
987mWtQ3iM,pavel
jHLteL7G9q,naominarasimhan
pOnHywJLwt,engineer_paul
Q7m0z-4FzB,electrical_susan
LkxCDzplfl,materials_joe
Ymo0oKmYPy,chemist_anna
VSBzVXNQdT,quality_mike
YLX3objpdg,engineer_lucy
whgddd01l6,jospeh_miller
wqGQ_53EJy,melissamiller
imp5IjumGy,anna_johansson
OXCT8w9ooH,melissa_ford
8wAEV_vpMX,emily_watson
_mknWfbysI,michael_brown
Xt8AboNx14,thomas_kohls
CccDRbyUqC,draper_nagata
kccE1qfXwi,naominarik
BWoUgcj31j,marcusinaros
kjO6zgQ1Q4,miller_amal
4QU2kclh1v,jamesholder
vJMqKMO8p_,jose_delacruz
lEWrlxYZ1m,thomas_calabi
6PZkdsYL4_,miller_paul
B-dkv3bR5d,adams_strange
AA4_H5fxFh,miller rojapilado
ju6LMFKWdC,millerholdings
yc7L6iFAnq,johnglenn
wmttLjxLOi,praxagrawal
SJ456XNXXs,baldwin_marlowe
zo7h_TkOCa,alexandragarner
vrqxK2K9E_,physicist_jones
9XSdBRTbIf,researcher_smith
ct9dF2IGS4,engineer_brown
zJBRitfnfp,scientist_green
Bd-u7QZy2t,engineer_white
n5Gf1hj5w5,researcher_black
hEAA5aVJQk,scientist_gray
khhhXwu4xv,engineer_blue
xM65_5Dnfb,elio_vallerio
M4c3sMk4aK,physicist_lucy
malnFwiqyV,designer_amanda
xcIxP6Oz8k,manufacturer_tom
G_bdRqq3jJ,tester_sara
Z4ng-1hZDu,bob_pawkes
EtR1wT0BNI,baker_michio
kb-CcrcTgW,miller rojapilos
OIxPZ5W1bC,anderssonlavecchia
Ukplh4grZm,melbakoh
aBLPcKKv0e,draper_susan
mghHoVks5T,dr_umman_razak
57tjyspPTa,RobertDuncan
6c-LX0nrIT,sandrine_grace
w3DHAqkrU_,cotyar_belters_syndicate
ENFs7aLsBn,beltersforjustice
1IJEyI93dX,chrisjen_holden
KQM6exGGDx,MelissaDuncan
T3vRq-bNVr,CarlStrickland
AtLFCqE15L,elvin_roberts
JmChxM2tZc,maggie saito
WBXx-2yBUd,margaretjones
7Qkiudjs4g,peterthompson
KoVrtpXYsL,sarahwatson
9Mqzu6kjDn,maya Andromeda
IKO8Rfr_TP,aliette kazimir
C3nj3S6x27,bob_pella
RznNjryl42,RobertBouwmeester
TlkTxEnfrT,RobertGeary
OVaPenVhNc,marlena_tynion
ZsNHDEeLq3,chrisjen_averroes
dVIXzaedI7,dramatiz
WBnEbQ6USB,alexandrabell
piZvNU4BdY,anders_pella
361HeN1XKi,navigatorbella
tcIiyq2oYD,mechanicpete
maboTm1FSz,captainholden
guj7mEc5jJ,commandermiller
-0AY-Axhms,anubis_joshua
ZPFP9g9tCo,morgan
X39uQjPhxq,murphy_michio
ik6ea1rf2w,holden_joseph
retZB_2qZP,barnabas
C-5phjF8Hh,maia_naim
KaI61-mJlt,bull_hargrove
DW3rMAZaMR,anubis_joshi
5IqsVWi3Vq,melba_shaub
c7EZeAOYaW,alex_lamar
QIRBiDAFtv,anders_paaij
CroIGoIbFM,chrisjen Avasarala
k4i5p8e-X_,mei Yang
-7FlL1wE6b,tomwu
tiu0X2P6Sg,maggie_sietz
FOZXs-yghU,davies_jones
UmJfUrqyvw,sandhu
DdE-QZgt1-,parker
dj7a1Qwjtn,chang
lXEXuPaw72,alexandrabradley
aGTTmuUgJd,belter123
XGc4ycOG-A,elviquan
j2oZZTYNbB,annavanderboom
bgKNnyyaed,joseph_holder
kMDmcTXfjG,adambrody
GtkJPUMn3s,bobbiadrake
jJviQnH_mO,praxiddina
pD7wwjKSb7,alex_voss-lawrence
mCzbulZia0,jim_patterson
hyjOqezbk3,marksmith
bSNXyz-IPX,pete gillespie
6cU6NLShGe,dr_umman_razar
X-3JCWmJwa,lucyking
ih-hCF1sbk,joseph_somerville
JGpOcmCQTF,pilotamos
uUkTojSqiz,engineerroj
G7kiVWKiFx,engineeramal
MHM2GKKQGE,engineerjose
059vIM9PhJ,adar_miller
SByD0D6D6v,maia_larkens
rBM1i0hnUF,pete the heart
inHm-GlrMF,fred
tHmD9n92g3,sandra_tanner
lm25eoqb04,ma_meng_dong
Dq7oEeSj_W,holden_joe
nEjFX4beYJ,Sandrapooh
oZUqy6smZY,SadavirLangdon
dhjYI1UqVQ,johndavidtennant
Osj3IzT96X,Melba_Kowalczak
T0e9Ce4eUt,dr_umman_mandal
xOJErgAhsm,aliceadam
FxPt8t5XCT,julie_merrick
VsQa__rTFG,naagimodra
ihmOUtGSH-,christianadarco
jtasHOLqAs,fredjohnsen
0qqkQXMVjn,sandy_blake
5h6VfDVCxl,josephus_milo
3iW5RUzOq7,draperhussar
odjjhcKAxE,sam
8M8BPb-Vdn,sybil_holden
E0KoWEaXMK,naomynagata
2VpmO-Erq6,praxiddomas
W2R2Z8oikE,adams_josephus
cFBnfJnQJe,pascal_flambeau
UHM26ZdQdR,pete_gillespie
prbQdCMuwW,marcusinar
hD2gl6-MFS,praxiddora
6YjdCTpXPa,vasaralachrisjen
FQQM0Px2Xl,draper_floyd
SeHMmvZ78E,naagalies
-sXVxM7J-n,praxiddoma
Pim7PWjcCU,chrisjenaji
nsJCoS_Gno,alexandermackenzie
84OpKd3uhD,amanda wu
2GIEsaQBUh,jimbrown
yWvKmeNwZ-,mikewhite
0T_qviRBCu,lucygray
ZaDf9r2kMA,qualitycontrol
E-DXNXBVkI,procurement
xFBGch1F8h,engineeramanda
nCSOZnVtV4,lieutenant
d6of7WETxY,lieutenant_jg
ykx2NaClaM,pilotjane
Y8VW7kNpKd,mechanicbill
-Z1XZfY2uv,gunnerjoe
bPq0xFbosz,medicmary
Z5u4WFj2f_,cortazar_sandrine
oDNsQkKtYR,paul_musker
NTubr4PE1m,johansenamal
aXazuUyD9u,Robert_Geary
9oR6wdi6Z2,josephus_miller_holden
5Y3UEPCnO6,melbafigg
hJm93Jzofk,dr_anders
AYRFn5VR3s,dr_patel
ZUVOrFTe_z,dr_lee
lKRwV7Rs3u,data_analyst_smith
57opJ65XPr,nurse_brown
Vda-j65ExI,patient_advocate_johnson
diKjjMC1Ee,murphy_sullivan
63ByVYo5Ai,aloha
FAu1ScBT9-,amysadav
t65dxYAICb,alex Kamal
bwLfwziQZZ,miller Holden
uErx6WfXnu,davidsandrabo
L3BDMpO3zD,andreasadar
GDZoJpuGWC,drummerfelipe
-sYb3PCkn5,anders_solar
toZOrHFyOx,julianna_murray
v_e70p2Rtr,julina_susanik
y0tqHZtJ6n,aldo_padoa
_tIeJBfcNK,praxidike_mussari
zwpw8WAPJE,markfanshaw
ZB_7itHBdz,sarahmiller
tY2jGCce7T,johnsmith
k0sVWVCpzW,karenjones
5wuFE5NiJd,naagilas
lI9YA9xRNQ,amandadawson
MiBjnVoxna,markbrown
X_8HhHxNRO,emilywilson
pTX5SVy3IF,joshuaanderson
FI3BGzckVl,oliviajames
PqZswHzh-q,anubis_josipovic
P32Bd24f-2,baldwin_duncan
xzvmjUV3NY,hooper
q6ecGklinQ,alina_panov
9bGOnJwRRa,amalrichards
aV8FT8i6rD,julietmao
TMHPqJhpkZ,moe
AqaUxdPlGM,valerie
yHJWjUrgGk,chrisjohansen
GD_9dBnB_f,peter davis
6z7Bt3N6aJ,alex_kaminski
NvANlDq9Dz,michio_makino
gU0_zBX2Z3,dunn
llGgxXqGWf,lucy_mullen
yZhHy6rnHR,markmiller
OE4pp8LJGd,amandawu
ueoGzWlrKg,chrisdavis
J-NilLfqKw,PraxMeng
ZaUQAUKiTx,FilipInaros
k6Fdy-gS-u,amos_holder
qmU1gg3Yxj,johndoc
N34kkehX7y,nathan_wu
9e1ShPlGqg,DrummerAgathaKing
mRIA3Y7XL2,elias_voss-anager
pgitwgIW7G,dr_michio_Makima
yYjqp1rD6F,PaoloCortazar
5xY3iWf2QX,amadocartier
EbEs2ed7w6,alexandrabaker
IqkISowiPj,sarah_draper
364Qr4TIgN,carlos_delgado
6KZJXyI7xf,diana_hull
5yUsufCp-z,ed_miller
ecdhO9mozS,Drummer
GZ57QSDAx3,clarissa_mung
X41yP99l68,bobbepper
jTbtwbtB8b,karenmiller
qfeWMewTbm,melbafrosta
6it8uVpg4Y,annavanderwall
vikG86Q0VP,klasesdillen
B62TINR9wC,bull_butterfield
09zHLhg19p,Nadia Pella
RTz127dlew,Mei Meng
3uhEl8R8A9,Cara Boden
FlYWunJ0dX,Miller Abernathy
QrEEaellUC,ElviOkonkwo
eXYfinjA2k,PraxMao
Ke9NhhsQuN,KaralVriszka
Dw1LH4ZbMq,KlaesDrexler
K7uZh7eU5O,drake_apollonio
eHSGRSxyZE,johansen_bobbie
X17925hwwA,baxter_alice
J11O3w4d0j,miller_clarissa
